Annee,,,,,,,,,,,,,,,2 026,2 026,2 026,2 026,2 026,2 026,2 026,2 026,2 026,2 026,2 026,2 026,,,2 027,2 028,2 029,2 030,,,,
Mois,,,,,,,,,,,,,,,1,2,3,4,5,6,7,8,9,10,11,12,,,,,,,,,,
Trimestre,,,,,,,,,,,,,,,1,1,1,2,2,2,3,3,3,4,4,4,,,,,,,,,,
Semestre,,,,,,,,,,,,,,,1,1,1,1,1,1,2,2,2,2,2,2,,,,,,,,,,
,,,,,,,,,,,,,,,,,,,,,,,,,,,,,,,,,,,,
"Pourcentage variation Plan N+2,3,4,5",,,,,,,,,,,,,,,,,,,,,,,,,,,,,0,0,0,0,,,,
,,,,,,,,,,,,,,,,,,,,,,,,,,,,,,,,,,,,
,,,,,,,,,,,,,,,,,,,,,,,,,,,,,,,,,,,,
,,,,,,,,,,,,,,,,,,,,,,,,,,,,,,,,,,,,
Budget d'Exploitation,,,,,,,,,,,,,,,,,,,,,,,,,,,,,,,,,,,,
,,,,,,,,,,,,,,,,,,,,,,,,,,,,,,,,,,,,
F,,,F,,,,F,F,,,,F,,,,,,,,,,,,,,,F,F,F,F,F,F,F,F,F,F
Cost Center,Description CC,Province & Ville,Coordinations provinciales,Local / Etranger ?,Catégorie / Grade,Nature Depenses,Account Ohada,Departement ,Texte / Libelle,,,Cout Unitaire en USD Hors Taxe / Automatique,Unite de Mesure des donnees mensuelles,Cout Unitaire en USD Hors Taxe / Manuel,31-janv.,28-févr.,31-mars,30-avr.,31-mai,30-juin,31-juil.,31-août,30-sept.,31-oct.,30-nov.,31-déc.,Total en Unite de Mesure des donnees mensuelles,Total Budget en USD,2 027,2 028,2 029,2 030,Check Categorie,Check Unite de mesure,Check cout unitaire,ROW
,,x,x2,Ligne de depense,Direction,,,,,,Centre des couts ,Categories,Unite de Mesure des donnees mensuelles,Cout Unitaire en USD Hors Taxe,45 688,28-Feb-26,31-Mar-26,30-Apr-26,31-May-26,30-Jun-26,31-Jul-26,31-Aug-26,30-Sep-26,46 326,46 356,31-Dec-26,Total en Unite de Mesure des donnees mensuelles,Total Budget en USD,2 027,2 028,2 029,2 030,,,,
RJ.1.1.01,RJ.1.1.01 _ JURIDIQUE _ Assurer la veille juridique et réglementaire _ Abonnement à des sources d'information _ Abonnement au Journal Officiel/Annuel,Kinshasa_Kinshasa,Siège,A L'INTERIEUR ,N/A,62520005_ Frais judiciaire,62520005,JURIDIQUE,Abonnement Journal officiel/an,,,0,USD,417,417,,,,,,,,,,,,417,417,421,425,430,434, Ok , Ok , Ok ,  15 
RJ.1.1.02,RJ.1.1.02 _ JURIDIQUE _ Assurer la veille juridique et réglementaire _ Abonnement à des sources d'information _ Abonnement à LexisNexis,Kinshasa_Kinshasa,Siège,A L'ETRANGER,N/A,62520005_ Frais judiciaire,62520005,JURIDIQUE,Abonnement LexisNexis (Site de veil Juridique),,,0,USD,80,80,80,80,80,80,80,80,80,80,80,80,80,960,960,970,979,989,998, Ok , Ok , Ok ,  16 
RJ.1.1.03,RJ.1.1.03 _ JURIDIQUE _ Assurer la veille juridique et réglementaire _ Abonnement à des sources d'information _ Abonnement à LegaNews Pro,Kinshasa_Kinshasa,Siège,A L'INTERIEUR ,N/A,62520005_ Frais judiciaire,62520005,JURIDIQUE,Abonnement LegoPro (site veil lolac),,,0,USD,56,56,56,56,56,56,56,56,56,56,56,56,56,672,672,679,685,692,699, Ok , Ok , Ok ,  17 
RJ.1.2.01,RJ.1.2.01 _ JURIDIQUE _ Assurer la veille juridique et réglementaire _ Achats Livres _ Achats différents livres,Kinshasa_Kinshasa,Siège,A L'INTERIEUR ,N/A,62520005_ Frais judiciaire,62520005,JURIDIQUE,Achats différents livres,,,0,USD,275,275,275,275,275,275,275,275,275,275,275,275,275,3 300,3 300,3 333,3 366,3 399,3 432, Ok , Ok , Ok ,  18 
RJ.2.2.01,RJ.2.2.01 _ JURIDIQUE _ Gestion des contrats _ Mission de service _ Billet avion,Haut-Katanga_Lubumbashi,Haut-Katanga,A L'INTERIEUR ,Chef de Division,62510003_ Billet d'avion_Afrique,62510003,JURIDIQUE,Billet FIH-FBM-KWZ-FBM-FIH,,,0,Unite,700,,4,,,,,,,,,,,4,2 800,2 828,2 856,2 884,2 912, Ok , Ok , Ok ,  19 
RJ.2.2.01,RJ.2.2.01 _ JURIDIQUE _ Gestion des contrats _ Mission de service _ Billet avion,Tshopo_Kisangani,Oriental,A L'INTERIEUR ,Directeur,62510003_ Billet d'avion_Afrique,62510003,JURIDIQUE,Billet FIH-FKIS-BUX-FKIS-FIH,,,0,USD,2 400,,,2 400,,,,,,,,,,2 400,2 400,2 424,2 448,2 472,2 496, Ok , Ok , Ok ,  20 
RJ.2.2.01,RJ.2.2.01 _ JURIDIQUE _ Gestion des contrats _ Mission de service _ Billet avion,Kasaï-Central_Kananga,Grand Kasaï,A L'INTERIEUR ,Chef de Division,62510003_ Billet d'avion_Afrique,62510003,JURIDIQUE,Billet FIH-KGA-FIH,,,0,Unite,700,,,,,,2,,,,,,,2,1 400,1 414,1 428,1 442,1 456, Ok , Ok , Ok ,  21 
RJ.2.2.02,RJ.2.2.02 _ JURIDIQUE _ Gestion des contrats _ Mission de service _ Perdiem,Haut-Katanga_Lubumbashi,Haut-Katanga,A L'INTERIEUR ,Chef de Division,64710015_ Per diem,64710015,JURIDIQUE,Perdiem 10 jours ( Lushi et Kolwezi),,,0,USD,4 500,,4 500,,,,,,,,,,,4 500,4 500,4 545,4 590,4 635,4 680, Ok , Ok , Ok ,  22 
RJ.2.2.02,RJ.2.2.02 _ JURIDIQUE _ Gestion des contrats _ Mission de service _ Perdiem,Tshopo_Kisangani,Oriental,A L'INTERIEUR ,Directeur,64710015_ Per diem,64710015,JURIDIQUE,"Perdiem 10 jours (Tshopo, Ituri)",,,0,USD,6 500,,,6 500,,,,,,,,,,6 500,6 500,6 565,6 630,6 695,6 760, Ok , Ok , Ok ,  23 
RJ.2.2.02,RJ.2.2.02 _ JURIDIQUE _ Gestion des contrats _ Mission de service _ Perdiem,Kwilu_Bandundu-ville,Grand Bandundu,A L'INTERIEUR ,Chef de Division,64710015_ Per diem,64710015,JURIDIQUE,Perdiem 5 jours CD ,,,0,USD,2 250,,,,2 250,,,,,,,,,2 250,2 250,2 273,2 295,2 318,2 340, Ok , Ok , Ok ,  24 
RJ.2.2.02,RJ.2.2.02 _ JURIDIQUE _ Gestion des contrats _ Mission de service _ Perdiem,Kwilu_Bandundu-ville,Grand Bandundu,A L'INTERIEUR ,Agent d'exécution,64710015_ Per diem,64710015,JURIDIQUE,Perdiem 5 jours Chauffeur,,,0,USD,1 500,,,,1 500,,,,,,,,,1 500,1 500,1 515,1 530,1 545,1 560, Ok , Ok , Ok ,  25 
RJ.2.2.02,RJ.2.2.02 _ JURIDIQUE _ Gestion des contrats _ Mission de service _ Perdiem,Kongo-Central_Matadi,Kongo Central,A L'INTERIEUR ,Chef de Division,64710015_ Per diem,64710015,JURIDIQUE,Perdiem 5 jours CD ,,,0,USD,2 250,,,,,2 250,,,,,,,,2 250,2 250,2 273,2 295,2 318,2 340, Ok , Ok , Ok ,  26 
RJ.2.2.02,RJ.2.2.02 _ JURIDIQUE _ Gestion des contrats _ Mission de service _ Perdiem,Kongo-Central_Matadi,Kongo Central,A L'INTERIEUR ,Agent d'exécution,64710015_ Per diem,64710015,JURIDIQUE,Perdiem 5 jours Chauffeur,,,0,USD,1 500,,,,,1 500,,,,,,,,1 500,1 500,1 515,1 530,1 545,1 560, Ok , Ok , Ok ,  27 
RJ.2.2.02,RJ.2.2.02 _ JURIDIQUE _ Gestion des contrats _ Mission de service _ Perdiem,Kasaï-Central_Kananga,Grand Kasaï,A L'INTERIEUR ,Chef de Division,64710015_ Per diem,64710015,JURIDIQUE,Perdiem 5 jours CD ,,,0,USD,2 250,,,,,,2 250,,,,,,,2 250,2 250,2 273,2 295,2 318,2 340, Ok , Ok , Ok ,  28 
RJ.2.2.03,RJ.2.2.03 _ JURIDIQUE _ Gestion des contrats _ Mission de service _ Transport,Tshopo_Kisangani,Oriental,A L'INTERIEUR ,Directeur,62520048_ Frais de Transport,62520048,JURIDIQUE,Transport (Tshopo et bunia),,,0,USD,2 500,,,2 500,,,,,,,,,,2 500,2 500,2 525,2 550,2 575,2 600, Ok , Ok , Ok ,  29 
RJ.2.2.04,RJ.2.2.04 _ JURIDIQUE _ Gestion des contrats _ Mission de service _ Go pass,Haut-Katanga_Lubumbashi,Haut-Katanga,A L'INTERIEUR ,N/A,62510008_ GO Pass,62510008,JURIDIQUE,Go Pass ,,,0,USD,60,,60,,,,,,,,,,,60,60,61,61,62,62, Ok , Ok , Ok ,  30 
RJ.2.2.04,RJ.2.2.04 _ JURIDIQUE _ Gestion des contrats _ Mission de service _ Go pass,Tshopo_Kisangani,Oriental,A L'INTERIEUR ,N/A,62510008_ GO Pass,62510008,JURIDIQUE,Go Pass ,,,0,USD,60,,,60,,,,,,,,,,60,60,61,61,62,62, Ok , Ok , Ok ,  31 
RJ.2.2.04,RJ.2.2.04 _ JURIDIQUE _ Gestion des contrats _ Mission de service _ Go pass,Kasaï-Central_Kananga,Grand Kasaï,A L'INTERIEUR ,N/A,62510008_ GO Pass,62510008,JURIDIQUE,Go Pass ,,,0,USD,30,,,,,,30,,,,,,,30,30,30,31,31,31, Ok , Ok , Ok ,  32 
RJ.4.1.01,RJ.4.1.01 _ JURIDIQUE _ Gérer les services juridiques externes _ Gestion des cabinets d'avocat _ Paiement Abonnement,Kinshasa_Kinshasa,Siège,A L'INTERIEUR ,N/A,62520005_ Frais judiciaire,62520005,JURIDIQUE,Abonnement deux cabinets/an,,,0,USD,10 000,10 000,10 000,10 000,10 000,10 000,10 000,10 000,10 000,10 000,10 000,10 000,10 000,120 000,120 000,121 200,122 400,123 600,124 800, Ok , Ok , Ok ,  33 
RJ.4.2.01,RJ.4.2.01 _ JURIDIQUE _ Gérer les services juridiques externes _ Honoraires complémentaires _ Paiement Vacations,Kinshasa_Kinshasa,Siège,A L'INTERIEUR ,N/A,62520005_ Frais judiciaire,62520005,JURIDIQUE,Divers Vacations,,,0,USD,450,450,450,450,450,450,450,450,450,450,450,450,450,5 400,5 400,5 454,5 508,5 562,5 616, Ok , Ok , Ok ,  34 
RJ.4.2.02,RJ.4.2.02 _ JURIDIQUE _ Gérer les services juridiques externes _ Honoraires complémentaires _ Paiement Debours,Kinshasa_Kinshasa,Siège,A L'INTERIEUR ,N/A,62520005_ Frais judiciaire,62520005,JURIDIQUE,Divers debours,,,0,USD,2 500,2 500,2 500,2 500,2 500,2 500,2 500,2 500,2 500,2 500,2 500,2 500,2 500,30 000,30 000,30 300,30 600,30 900,31 200, Ok , Ok , Ok ,  35 
RJ.4.2.03,RJ.4.2.03 _ JURIDIQUE _ Gérer les services juridiques externes _ Honoraires complémentaires _ Paiement Différents frais de prestations,Kinshasa_Kinshasa,Siège,A L'INTERIEUR ,N/A,62520005_ Frais judiciaire,62520005,JURIDIQUE,Prestations juridique additionnel,,,0,USD,15 000,15 000,15 000,15 000,15 000,15 000,15 000,15 000,15 000,15 000,15 000,15 000,15 000,180 000,180 000,181 800,183 600,185 400,187 200, Ok , Ok , Ok ,  36 
,,,,,,,,,,,,0,,,,,,,,,,,,,,,0,0,0,0,0,0, Ok , Ok , Ok ,  37 
,,,,,,,,,,,,0,,,,,,,,,,,,,,,0,0,0,0,0,0, Ok , Ok , Ok ,  38 
,,,,,,,,,,,,0,,,,,,,,,,,,,,,0,0,0,0,0,0, Ok , Ok , Ok ,  39 
,,,,,,,,,,,,0,,,,,,,,,,,,,,,0,0,0,0,0,0, Ok , Ok , Ok ,  40 
,,,,,,,,,,,,0,,,,,,,,,,,,,,,0,0,0,0,0,0, Ok , Ok , Ok ,  41 
,,,,,,,,,,,,0,,,,,,,,,,,,,,,0,0,0,0,0,0, Ok , Ok , Ok ,  42 
,,,,,,,,,,,,0,,,,,,,,,,,,,,,0,0,0,0,0,0, Ok , Ok , Ok ,  43 
,,,,,,,,,,,,0,,,,,,,,,,,,,,,0,0,0,0,0,0, Ok , Ok , Ok ,  44 
,,,,,,,,,,,,0,,,,,,,,,,,,,,,0,0,0,0,0,0, Ok , Ok , Ok ,  45 
,,,,,,,,,,,,0,,,,,,,,,,,,,,,0,0,0,0,0,0, Ok , Ok , Ok ,  46 
,,,,,,,,,,,,0,,,,,,,,,,,,,,,0,0,0,0,0,0, Ok , Ok , Ok ,  47 
,,,,,,,,,,,,0,,,,,,,,,,,,,,,0,0,0,0,0,0, Ok , Ok , Ok ,  48 
,,,,,,,,,,,,0,,,,,,,,,,,,,,,0,0,0,0,0,0, Ok , Ok , Ok ,  49 
,,,,,,,,,,,,0,,,,,,,,,,,,,,,0,0,0,0,0,0, Ok , Ok , Ok ,  50 
,,,,,,,,,,,,0,,,,,,,,,,,,,,,0,0,0,0,0,0, Ok , Ok , Ok ,  51 
,,,,,,,,,,,,0,,,,,,,,,,,,,,,0,0,0,0,0,0, Ok , Ok , Ok ,  52 
,,,,,,,,,,,,0,,,,,,,,,,,,,,,0,0,0,0,0,0, Ok , Ok , Ok ,  53 
,,,,,,,,,,,,0,,,,,,,,,,,,,,,0,0,0,0,0,0, Ok , Ok , Ok ,  54 
,,,,,,,,,,,,0,,,,,,,,,,,,,,,0,0,0,0,0,0, Ok , Ok , Ok ,  55 
,,,,,,,,,,,,0,,,,,,,,,,,,,,,0,0,0,0,0,0, Ok , Ok , Ok ,  56 
,,,,,,,,,,,,0,,,,,,,,,,,,,,,0,0,0,0,0,0, Ok , Ok , Ok ,  57 
,,,,,,,,,,,,0,,,,,,,,,,,,,,,0,0,0,0,0,0, Ok , Ok , Ok ,  58 
,,,,,,,,,,,,0,,,,,,,,,,,,,,,0,0,0,0,0,0, Ok , Ok , Ok ,  59 
,,,,,,,,,,,,0,,,,,,,,,,,,,,,0,0,0,0,0,0, Ok , Ok , Ok ,  60 
,,,,,,,,,,,,0,,,,,,,,,,,,,,,0,0,0,0,0,0, Ok , Ok , Ok ,  61 
,,,,,,,,,,,,0,,,,,,,,,,,,,,,0,0,0,0,0,0, Ok , Ok , Ok ,  62 
,,,,,,,,,,,,0,,,,,,,,,,,,,,,0,0,0,0,0,0, Ok , Ok , Ok ,  63 
,,,,,,,,,,,,0,,,,,,,,,,,,,,,0,0,0,0,0,0, Ok , Ok , Ok ,  64 
,,,,,,,,,,,,0,,,,,,,,,,,,,,,0,0,0,0,0,0, Ok , Ok , Ok ,  65 
,,,,,,,,,,,,0,,,,,,,,,,,,,,,0,0,0,0,0,0, Ok , Ok , Ok ,  66 
,,,,,,,,,,,,0,,,,,,,,,,,,,,,0,0,0,0,0,0, Ok , Ok , Ok ,  67 
,,,,,,,,,,,,0,,,,,,,,,,,,,,,0,0,0,0,0,0, Ok , Ok , Ok ,  68 
,,,,,,,,,,,,0,,,,,,,,,,,,,,,0,0,0,0,0,0, Ok , Ok , Ok ,  69 
,,,,,,,,,,,,0,,,,,,,,,,,,,,,0,0,0,0,0,0, Ok , Ok , Ok ,  70 
,,,,,,,,,,,,0,,,,,,,,,,,,,,,0,0,0,0,0,0, Ok , Ok , Ok ,  71 
,,,,,,,,,,,,0,,,,,,,,,,,,,,,0,0,0,0,0,0, Ok , Ok , Ok ,  72 
,,,,,,,,,,,,0,,,,,,,,,,,,,,,0,0,0,0,0,0, Ok , Ok , Ok ,  73 
,,,,,,,,,,,,0,,,,,,,,,,,,,,,0,0,0,0,0,0, Ok , Ok , Ok ,  74 
,,,,,,,,,,,,0,,,,,,,,,,,,,,,0,0,0,0,0,0, Ok , Ok , Ok ,  75 
,,,,,,,,,,,,0,,,,,,,,,,,,,,,0,0,0,0,0,0, Ok , Ok , Ok ,  76 
,,,,,,,,,,,,0,,,,,,,,,,,,,,,0,0,0,0,0,0, Ok , Ok , Ok ,  77 
,,,,,,,,,,,,0,,,,,,,,,,,,,,,0,0,0,0,0,0, Ok , Ok , Ok ,  78 
,,,,,,,,,,,,0,,,,,,,,,,,,,,,0,0,0,0,0,0, Ok , Ok , Ok ,  79 
,,,,,,,,,,,,0,,,,,,,,,,,,,,,0,0,0,0,0,0, Ok , Ok , Ok ,  80 
,,,,,,,,,,,,0,,,,,,,,,,,,,,,0,0,0,0,0,0, Ok , Ok , Ok ,  81 
,,,,,,,,,,,,0,,,,,,,,,,,,,,,0,0,0,0,0,0, Ok , Ok , Ok ,  82 
,,,,,,,,,,,,0,,,,,,,,,,,,,,,0,0,0,0,0,0, Ok , Ok , Ok ,  83 
,,,,,,,,,,,,0,,,,,,,,,,,,,,,0,0,0,0,0,0, Ok , Ok , Ok ,  84 
,,,,,,,,,,,,0,,,,,,,,,,,,,,,0,0,0,0,0,0, Ok , Ok , Ok ,  85 
,,,,,,,,,,,,0,,,,,,,,,,,,,,,0,0,0,0,0,0, Ok , Ok , Ok ,  86 
,,,,,,,,,,,,0,,,,,,,,,,,,,,,0,0,0,0,0,0, Ok , Ok , Ok ,  87 
,,,,,,,,,,,,0,,,,,,,,,,,,,,,0,0,0,0,0,0, Ok , Ok , Ok ,  88 
,,,,,,,,,,,,0,,,,,,,,,,,,,,,0,0,0,0,0,0, Ok , Ok , Ok ,  89 
,,,,,,,,,,,,0,,,,,,,,,,,,,,,0,0,0,0,0,0, Ok , Ok , Ok ,  90 
,,,,,,,,,,,,0,,,,,,,,,,,,,,,0,0,0,0,0,0, Ok , Ok , Ok ,  91 
,,,,,,,,,,,,0,,,,,,,,,,,,,,,0,0,0,0,0,0, Ok , Ok , Ok ,  92 
,,,,,,,,,,,,0,,,,,,,,,,,,,,,0,0,0,0,0,0, Ok , Ok , Ok ,  93 
,,,,,,,,,,,,0,,,,,,,,,,,,,,,0,0,0,0,0,0, Ok , Ok , Ok ,  94 
,,,,,,,,,,,,0,,,,,,,,,,,,,,,0,0,0,0,0,0, Ok , Ok , Ok ,  95 
,,,,,,,,,,,,0,,,,,,,,,,,,,,,0,0,0,0,0,0, Ok , Ok , Ok ,  96 
,,,,,,,,,,,,0,,,,,,,,,,,,,,,0,0,0,0,0,0, Ok , Ok , Ok ,  97 
,,,,,,,,,,,,0,,,,,,,,,,,,,,,0,0,0,0,0,0, Ok , Ok , Ok ,  98 
,,,,,,,,,,,,0,,,,,,,,,,,,,,,0,0,0,0,0,0, Ok , Ok , Ok ,  99 
,,,,,,,,,,,,0,,,,,,,,,,,,,,,0,0,0,0,0,0, Ok , Ok , Ok ,  100 
,,,,,,,,,,,,0,,,,,,,,,,,,,,,0,0,0,0,0,0, Ok , Ok , Ok ,  101 
,,,,,,,,,,,,0,,,,,,,,,,,,,,,0,0,0,0,0,0, Ok , Ok , Ok ,  102 
,,,,,,,,,,,,0,,,,,,,,,,,,,,,0,0,0,0,0,0, Ok , Ok , Ok ,  103 
,,,,,,,,,,,,0,,,,,,,,,,,,,,,0,0,0,0,0,0, Ok , Ok , Ok ,  104 
,,,,,,,,,,,,0,,,,,,,,,,,,,,,0,0,0,0,0,0, Ok , Ok , Ok ,  105 
,,,,,,,,,,,,0,,,,,,,,,,,,,,,0,0,0,0,0,0, Ok , Ok , Ok ,  106 
,,,,,,,,,,,,0,,,,,,,,,,,,,,,0,0,0,0,0,0, Ok , Ok , Ok ,  107 
,,,,,,,,,,,,0,,,,,,,,,,,,,,,0,0,0,0,0,0, Ok , Ok , Ok ,  108 
,,,,,,,,,,,,0,,,,,,,,,,,,,,,0,0,0,0,0,0, Ok , Ok , Ok ,  109 
,,,,,,,,,,,,0,,,,,,,,,,,,,,,0,0,0,0,0,0, Ok , Ok , Ok ,  110 
,,,,,,,,,,,,0,,,,,,,,,,,,,,,0,0,0,0,0,0, Ok , Ok , Ok ,  111 
,,,,,,,,,,,,0,,,,,,,,,,,,,,,0,0,0,0,0,0, Ok , Ok , Ok ,  112 
,,,,,,,,,,,,0,,,,,,,,,,,,,,,0,0,0,0,0,0, Ok , Ok , Ok ,  113 
,,,,,,,,,,,,0,,,,,,,,,,,,,,,0,0,0,0,0,0, Ok , Ok , Ok ,  114 
,,,,,,,,,,,,0,,,,,,,,,,,,,,,0,0,0,0,0,0, Ok , Ok , Ok ,  115 
,,,,,,,,,,,,0,,,,,,,,,,,,,,,0,0,0,0,0,0, Ok , Ok , Ok ,  116 
,,,,,,,,,,,,0,,,,,,,,,,,,,,,0,0,0,0,0,0, Ok , Ok , Ok ,  117 
,,,,,,,,,,,,0,,,,,,,,,,,,,,,0,0,0,0,0,0, Ok , Ok , Ok ,  118 
,,,,,,,,,,,,0,,,,,,,,,,,,,,,0,0,0,0,0,0, Ok , Ok , Ok ,  119 
,,,,,,,,,,,,0,,,,,,,,,,,,,,,0,0,0,0,0,0, Ok , Ok , Ok ,  120 
,,,,,,,,,,,,0,,,,,,,,,,,,,,,0,0,0,0,0,0, Ok , Ok , Ok ,  121 
,,,,,,,,,,,,0,,,,,,,,,,,,,,,0,0,0,0,0,0, Ok , Ok , Ok ,  122 
,,,,,,,,,,,,0,,,,,,,,,,,,,,,0,0,0,0,0,0, Ok , Ok , Ok ,  123 
,,,,,,,,,,,,0,,,,,,,,,,,,,,,0,0,0,0,0,0, Ok , Ok , Ok ,  124 
,,,,,,,,,,,,0,,,,,,,,,,,,,,,0,0,0,0,0,0, Ok , Ok , Ok ,  125 
,,,,,,,,,,,,0,,,,,,,,,,,,,,,0,0,0,0,0,0, Ok , Ok , Ok ,  126 
,,,,,,,,,,,,0,,,,,,,,,,,,,,,0,0,0,0,0,0, Ok , Ok , Ok ,  127 
,,,,,,,,,,,,0,,,,,,,,,,,,,,,0,0,0,0,0,0, Ok , Ok , Ok ,  128 
,,,,,,,,,,,,0,,,,,,,,,,,,,,,0,0,0,0,0,0, Ok , Ok , Ok ,  129 
,,,,,,,,,,,,0,,,,,,,,,,,,,,,0,0,0,0,0,0, Ok , Ok , Ok ,  130 
,,,,,,,,,,,,0,,,,,,,,,,,,,,,0,0,0,0,0,0, Ok , Ok , Ok ,  131 
,,,,,,,,,,,,0,,,,,,,,,,,,,,,0,0,0,0,0,0, Ok , Ok , Ok ,  132 
,,,,,,,,,,,,0,,,,,,,,,,,,,,,0,0,0,0,0,0, Ok , Ok , Ok ,  133 
,,,,,,,,,,,,0,,,,,,,,,,,,,,,0,0,0,0,0,0, Ok , Ok , Ok ,  134 
,,,,,,,,,,,,0,,,,,,,,,,,,,,,0,0,0,0,0,0, Ok , Ok , Ok ,  135 
,,,,,,,,,,,,0,,,,,,,,,,,,,,,0,0,0,0,0,0, Ok , Ok , Ok ,  136 
,,,,,,,,,,,,0,,,,,,,,,,,,,,,0,0,0,0,0,0, Ok , Ok , Ok ,  137 
,,,,,,,,,,,,0,,,,,,,,,,,,,,,0,0,0,0,0,0, Ok , Ok , Ok ,  138 
,,,,,,,,,,,,0,,,,,,,,,,,,,,,0,0,0,0,0,0, Ok , Ok , Ok ,  139 
,,,,,,,,,,,,0,,,,,,,,,,,,,,,0,0,0,0,0,0, Ok , Ok , Ok ,  140 
,,,,,,,,,,,,0,,,,,,,,,,,,,,,0,0,0,0,0,0, Ok , Ok , Ok ,  141 
,,,,,,,,,,,,0,,,,,,,,,,,,,,,0,0,0,0,0,0, Ok , Ok , Ok ,  142 
,,,,,,,,,,,,0,,,,,,,,,,,,,,,0,0,0,0,0,0, Ok , Ok , Ok ,  143 
,,,,,,,,,,,,0,,,,,,,,,,,,,,,0,0,0,0,0,0, Ok , Ok , Ok ,  144 
,,,,,,,,,,,,0,,,,,,,,,,,,,,,0,0,0,0,0,0, Ok , Ok , Ok ,  145 
,,,,,,,,,,,,0,,,,,,,,,,,,,,,0,0,0,0,0,0, Ok , Ok , Ok ,  146 
,,,,,,,,,,,,0,,,,,,,,,,,,,,,0,0,0,0,0,0, Ok , Ok , Ok ,  147 
,,,,,,,,,,,,0,,,,,,,,,,,,,,,0,0,0,0,0,0, Ok , Ok , Ok ,  148 
,,,,,,,,,,,,0,,,,,,,,,,,,,,,0,0,0,0,0,0, Ok , Ok , Ok ,  149 
,,,,,,,,,,,,0,,,,,,,,,,,,,,,0,0,0,0,0,0, Ok , Ok , Ok ,  150 
,,,,,,,,,,,,0,,,,,,,,,,,,,,,0,0,0,0,0,0, Ok , Ok , Ok ,  151 
,,,,,,,,,,,,0,,,,,,,,,,,,,,,0,0,0,0,0,0, Ok , Ok , Ok ,  152 
,,,,,,,,,,,,0,,,,,,,,,,,,,,,0,0,0,0,0,0, Ok , Ok , Ok ,  153 
,,,,,,,,,,,,0,,,,,,,,,,,,,,,0,0,0,0,0,0, Ok , Ok , Ok ,  154 
,,,,,,,,,,,,0,,,,,,,,,,,,,,,0,0,0,0,0,0, Ok , Ok , Ok ,  155 
,,,,,,,,,,,,0,,,,,,,,,,,,,,,0,0,0,0,0,0, Ok , Ok , Ok ,  156 
,,,,,,,,,,,,0,,,,,,,,,,,,,,,0,0,0,0,0,0, Ok , Ok , Ok ,  157 
,,,,,,,,,,,,0,,,,,,,,,,,,,,,0,0,0,0,0,0, Ok , Ok , Ok ,  158 
,,,,,,,,,,,,0,,,,,,,,,,,,,,,0,0,0,0,0,0, Ok , Ok , Ok ,  159 
,,,,,,,,,,,,0,,,,,,,,,,,,,,,0,0,0,0,0,0, Ok , Ok , Ok ,  160 
,,,,,,,,,,,,0,,,,,,,,,,,,,,,0,0,0,0,0,0, Ok , Ok , Ok ,  161 
,,,,,,,,,,,,0,,,,,,,,,,,,,,,0,0,0,0,0,0, Ok , Ok , Ok ,  162 
,,,,,,,,,,,,0,,,,,,,,,,,,,,,0,0,0,0,0,0, Ok , Ok , Ok ,  163 
,,,,,,,,,,,,0,,,,,,,,,,,,,,,0,0,0,0,0,0, Ok , Ok , Ok ,  164 
,,,,,,,,,,,,0,,,,,,,,,,,,,,,0,0,0,0,0,0, Ok , Ok , Ok ,  165 
,,,,,,,,,,,,0,,,,,,,,,,,,,,,0,0,0,0,0,0, Ok , Ok , Ok ,  166 
,,,,,,,,,,,,0,,,,,,,,,,,,,,,0,0,0,0,0,0, Ok , Ok , Ok ,  167 
,,,,,,,,,,,,0,,,,,,,,,,,,,,,0,0,0,0,0,0, Ok , Ok , Ok ,  168 
,,,,,,,,,,,,0,,,,,,,,,,,,,,,0,0,0,0,0,0, Ok , Ok , Ok ,  169 
,,,,,,,,,,,,0,,,,,,,,,,,,,,,0,0,0,0,0,0, Ok , Ok , Ok ,  170 
,,,,,,,,,,,,0,,,,,,,,,,,,,,,0,0,0,0,0,0, Ok , Ok , Ok ,  171 
,,,,,,,,,,,,0,,,,,,,,,,,,,,,0,0,0,0,0,0, Ok , Ok , Ok ,  172 
,,,,,,,,,,,,0,,,,,,,,,,,,,,,0,0,0,0,0,0, Ok , Ok , Ok ,  173 
,,,,,,,,,,,,0,,,,,,,,,,,,,,,0,0,0,0,0,0, Ok , Ok , Ok ,  174 
,,,,,,,,,,,,0,,,,,,,,,,,,,,,0,0,0,0,0,0, Ok , Ok , Ok ,  175 
,,,,,,,,,,,,0,,,,,,,,,,,,,,,0,0,0,0,0,0, Ok , Ok , Ok ,  176 
,,,,,,,,,,,,0,,,,,,,,,,,,,,,0,0,0,0,0,0, Ok , Ok , Ok ,  177 
,,,,,,,,,,,,0,,,,,,,,,,,,,,,0,0,0,0,0,0, Ok , Ok , Ok ,  178 
,,,,,,,,,,,,0,,,,,,,,,,,,,,,0,0,0,0,0,0, Ok , Ok , Ok ,  179 
,,,,,,,,,,,,0,,,,,,,,,,,,,,,0,0,0,0,0,0, Ok , Ok , Ok ,  180 
,,,,,,,,,,,,0,,,,,,,,,,,,,,,0,0,0,0,0,0, Ok , Ok , Ok ,  181 
,,,,,,,,,,,,0,,,,,,,,,,,,,,,0,0,0,0,0,0, Ok , Ok , Ok ,  182 
,,,,,,,,,,,,0,,,,,,,,,,,,,,,0,0,0,0,0,0, Ok , Ok , Ok ,  183 
,,,,,,,,,,,,0,,,,,,,,,,,,,,,0,0,0,0,0,0, Ok , Ok , Ok ,  184 
,,,,,,,,,,,,0,,,,,,,,,,,,,,,0,0,0,0,0,0, Ok , Ok , Ok ,  185 
,,,,,,,,,,,,0,,,,,,,,,,,,,,,0,0,0,0,0,0, Ok , Ok , Ok ,  186 
,,,,,,,,,,,,0,,,,,,,,,,,,,,,0,0,0,0,0,0, Ok , Ok , Ok ,  187 
,,,,,,,,,,,,0,,,,,,,,,,,,,,,0,0,0,0,0,0, Ok , Ok , Ok ,  188 
,,,,,,,,,,,,0,,,,,,,,,,,,,,,0,0,0,0,0,0, Ok , Ok , Ok ,  189 
,,,,,,,,,,,,0,,,,,,,,,,,,,,,0,0,0,0,0,0, Ok , Ok , Ok ,  190 
,,,,,,,,,,,,0,,,,,,,,,,,,,,,0,0,0,0,0,0, Ok , Ok , Ok ,  191 
,,,,,,,,,,,,0,,,,,,,,,,,,,,,0,0,0,0,0,0, Ok , Ok , Ok ,  192 
,,,,,,,,,,,,0,,,,,,,,,,,,,,,0,0,0,0,0,0, Ok , Ok , Ok ,  193 
,,,,,,,,,,,,0,,,,,,,,,,,,,,,0,0,0,0,0,0, Ok , Ok , Ok ,  194 
,,,,,,,,,,,,0,,,,,,,,,,,,,,,0,0,0,0,0,0, Ok , Ok , Ok ,  195 
,,,,,,,,,,,,0,,,,,,,,,,,,,,,0,0,0,0,0,0, Ok , Ok , Ok ,  196 
,,,,,,,,,,,,0,,,,,,,,,,,,,,,0,0,0,0,0,0, Ok , Ok , Ok ,  197 
,,,,,,,,,,,,0,,,,,,,,,,,,,,,0,0,0,0,0,0, Ok , Ok , Ok ,  198 
,,,,,,,,,,,,0,,,,,,,,,,,,,,,0,0,0,0,0,0, Ok , Ok , Ok ,  199 
,,,,,,,,,,,,0,,,,,,,,,,,,,,,0,0,0,0,0,0, Ok , Ok , Ok ,  200 
,,,,,,,,,,,,0,,,,,,,,,,,,,,,0,0,0,0,0,0, Ok , Ok , Ok ,  201 
,,,,,,,,,,,,0,,,,,,,,,,,,,,,0,0,0,0,0,0, Ok , Ok , Ok ,  202 
,,,,,,,,,,,,0,,,,,,,,,,,,,,,0,0,0,0,0,0, Ok , Ok , Ok ,  203 
,,,,,,,,,,,,0,,,,,,,,,,,,,,,0,0,0,0,0,0, Ok , Ok , Ok ,  204 
,,,,,,,,,,,,0,,,,,,,,,,,,,,,0,0,0,0,0,0, Ok , Ok , Ok ,  205 
,,,,,,,,,,,,0,,,,,,,,,,,,,,,0,0,0,0,0,0, Ok , Ok , Ok ,  206 
,,,,,,,,,,,,0,,,,,,,,,,,,,,,0,0,0,0,0,0, Ok , Ok , Ok ,  207 
,,,,,,,,,,,,0,,,,,,,,,,,,,,,0,0,0,0,0,0, Ok , Ok , Ok ,  208 
,,,,,,,,,,,,0,,,,,,,,,,,,,,,0,0,0,0,0,0, Ok , Ok , Ok ,  209 
,,,,,,,,,,,,0,,,,,,,,,,,,,,,0,0,0,0,0,0, Ok , Ok , Ok ,  210 
,,,,,,,,,,,,0,,,,,,,,,,,,,,,0,0,0,0,0,0, Ok , Ok , Ok ,  211 
,,,,,,,,,,,,0,,,,,,,,,,,,,,,0,0,0,0,0,0, Ok , Ok , Ok ,  212 
,,,,,,,,,,,,0,,,,,,,,,,,,,,,0,0,0,0,0,0, Ok , Ok , Ok ,  213 
,,,,,,,,,,,,0,,,,,,,,,,,,,,,0,0,0,0,0,0, Ok , Ok , Ok ,  214 
,,,,,,,,,,,,0,,,,,,,,,,,,,,,0,0,0,0,0,0, Ok , Ok , Ok ,  215 
,,,,,,,,,,,,0,,,,,,,,,,,,,,,0,0,0,0,0,0, Ok , Ok , Ok ,  216 
,,,,,,,,,,,,0,,,,,,,,,,,,,,,0,0,0,0,0,0, Ok , Ok , Ok ,  217 
,,,,,,,,,,,,0,,,,,,,,,,,,,,,0,0,0,0,0,0, Ok , Ok , Ok ,  218 
,,,,,,,,,,,,0,,,,,,,,,,,,,,,0,0,0,0,0,0, Ok , Ok , Ok ,  219 
,,,,,,,,,,,,0,,,,,,,,,,,,,,,0,0,0,0,0,0, Ok , Ok , Ok ,  220 
,,,,,,,,,,,,0,,,,,,,,,,,,,,,0,0,0,0,0,0, Ok , Ok , Ok ,  221 
,,,,,,,,,,,,0,,,,,,,,,,,,,,,0,0,0,0,0,0, Ok , Ok , Ok ,  222 
,,,,,,,,,,,,0,,,,,,,,,,,,,,,0,0,0,0,0,0, Ok , Ok , Ok ,  223 
,,,,,,,,,,,,0,,,,,,,,,,,,,,,0,0,0,0,0,0, Ok , Ok , Ok ,  224 
,,,,,,,,,,,,0,,,,,,,,,,,,,,,0,0,0,0,0,0, Ok , Ok , Ok ,  225 
,,,,,,,,,,,,0,,,,,,,,,,,,,,,0,0,0,0,0,0, Ok , Ok , Ok ,  226 
,,,,,,,,,,,,0,,,,,,,,,,,,,,,0,0,0,0,0,0, Ok , Ok , Ok ,  227 
,,,,,,,,,,,,0,,,,,,,,,,,,,,,0,0,0,0,0,0, Ok , Ok , Ok ,  228 
,,,,,,,,,,,,0,,,,,,,,,,,,,,,0,0,0,0,0,0, Ok , Ok , Ok ,  229 
,,,,,,,,,,,,0,,,,,,,,,,,,,,,0,0,0,0,0,0, Ok , Ok , Ok ,  230 
,,,,,,,,,,,,0,,,,,,,,,,,,,,,0,0,0,0,0,0, Ok , Ok , Ok ,  231 
,,,,,,,,,,,,0,,,,,,,,,,,,,,,0,0,0,0,0,0, Ok , Ok , Ok ,  232 
,,,,,,,,,,,,0,,,,,,,,,,,,,,,0,0,0,0,0,0, Ok , Ok , Ok ,  233 
,,,,,,,,,,,,0,,,,,,,,,,,,,,,0,0,0,0,0,0, Ok , Ok , Ok ,  234 
,,,,,,,,,,,,0,,,,,,,,,,,,,,,0,0,0,0,0,0, Ok , Ok , Ok ,  235 
,,,,,,,,,,,,0,,,,,,,,,,,,,,,0,0,0,0,0,0, Ok , Ok , Ok ,  236 
,,,,,,,,,,,,0,,,,,,,,,,,,,,,0,0,0,0,0,0, Ok , Ok , Ok ,  237 
,,,,,,,,,,,,0,,,,,,,,,,,,,,,0,0,0,0,0,0, Ok , Ok , Ok ,  238 
,,,,,,,,,,,,0,,,,,,,,,,,,,,,0,0,0,0,0,0, Ok , Ok , Ok ,  239 
,,,,,,,,,,,,0,,,,,,,,,,,,,,,0,0,0,0,0,0, Ok , Ok , Ok ,  240 
,,,,,,,,,,,,0,,,,,,,,,,,,,,,0,0,0,0,0,0, Ok , Ok , Ok ,  241 
,,,,,,,,,,,,0,,,,,,,,,,,,,,,0,0,0,0,0,0, Ok , Ok , Ok ,  242 
,,,,,,,,,,,,0,,,,,,,,,,,,,,,0,0,0,0,0,0, Ok , Ok , Ok ,  243 
,,,,,,,,,,,,0,,,,,,,,,,,,,,,0,0,0,0,0,0, Ok , Ok , Ok ,  244 
,,,,,,,,,,,,0,,,,,,,,,,,,,,,0,0,0,0,0,0, Ok , Ok , Ok ,  245 
,,,,,,,,,,,,0,,,,,,,,,,,,,,,0,0,0,0,0,0, Ok , Ok , Ok ,  246 
,,,,,,,,,,,,0,,,,,,,,,,,,,,,0,0,0,0,0,0, Ok , Ok , Ok ,  247 
,,,,,,,,,,,,0,,,,,,,,,,,,,,,0,0,0,0,0,0, Ok , Ok , Ok ,  248 
,,,,,,,,,,,,0,,,,,,,,,,,,,,,0,0,0,0,0,0, Ok , Ok , Ok ,  249 
,,,,,,,,,,,,0,,,,,,,,,,,,,,,0,0,0,0,0,0, Ok , Ok , Ok ,  250 
,,,,,,,,,,,,0,,,,,,,,,,,,,,,0,0,0,0,0,0, Ok , Ok , Ok ,  251 
,,,,,,,,,,,,0,,,,,,,,,,,,,,,0,0,0,0,0,0, Ok , Ok , Ok ,  252 
,,,,,,,,,,,,0,,,,,,,,,,,,,,,0,0,0,0,0,0, Ok , Ok , Ok ,  253 
,,,,,,,,,,,,0,,,,,,,,,,,,,,,0,0,0,0,0,0, Ok , Ok , Ok ,  254 
,,,,,,,,,,,,0,,,,,,,,,,,,,,,0,0,0,0,0,0, Ok , Ok , Ok ,  255 
,,,,,,,,,,,,0,,,,,,,,,,,,,,,0,0,0,0,0,0, Ok , Ok , Ok ,  256 
,,,,,,,,,,,,0,,,,,,,,,,,,,,,0,0,0,0,0,0, Ok , Ok , Ok ,  257 
,,,,,,,,,,,,0,,,,,,,,,,,,,,,0,0,0,0,0,0, Ok , Ok , Ok ,  258 
,,,,,,,,,,,,0,,,,,,,,,,,,,,,0,0,0,0,0,0, Ok , Ok , Ok ,  259 
,,,,,,,,,,,,0,,,,,,,,,,,,,,,0,0,0,0,0,0, Ok , Ok , Ok ,  260 
,,,,,,,,,,,,0,,,,,,,,,,,,,,,0,0,0,0,0,0, Ok , Ok , Ok ,  261 
,,,,,,,,,,,,0,,,,,,,,,,,,,,,0,0,0,0,0,0, Ok , Ok , Ok ,  262 
,,,,,,,,,,,,0,,,,,,,,,,,,,,,0,0,0,0,0,0, Ok , Ok , Ok ,  263 
,,,,,,,,,,,,0,,,,,,,,,,,,,,,0,0,0,0,0,0, Ok , Ok , Ok ,  264 
,,,,,,,,,,,,0,,,,,,,,,,,,,,,0,0,0,0,0,0, Ok , Ok , Ok ,  265 
,,,,,,,,,,,,0,,,,,,,,,,,,,,,0,0,0,0,0,0, Ok , Ok , Ok ,  266 
,,,,,,,,,,,,0,,,,,,,,,,,,,,,0,0,0,0,0,0, Ok , Ok , Ok ,  267 
,,,,,,,,,,,,0,,,,,,,,,,,,,,,0,0,0,0,0,0, Ok , Ok , Ok ,  268 
,,,,,,,,,,,,0,,,,,,,,,,,,,,,0,0,0,0,0,0, Ok , Ok , Ok ,  269 
,,,,,,,,,,,,0,,,,,,,,,,,,,,,0,0,0,0,0,0, Ok , Ok , Ok ,  270 
,,,,,,,,,,,,0,,,,,,,,,,,,,,,0,0,0,0,0,0, Ok , Ok , Ok ,  271 
,,,,,,,,,,,,0,,,,,,,,,,,,,,,0,0,0,0,0,0, Ok , Ok , Ok ,  272 
,,,,,,,,,,,,0,,,,,,,,,,,,,,,0,0,0,0,0,0, Ok , Ok , Ok ,  273 
,,,,,,,,,,,,0,,,,,,,,,,,,,,,0,0,0,0,0,0, Ok , Ok , Ok ,  274 
,,,,,,,,,,,,0,,,,,,,,,,,,,,,0,0,0,0,0,0, Ok , Ok , Ok ,  275 
,,,,,,,,,,,,0,,,,,,,,,,,,,,,0,0,0,0,0,0, Ok , Ok , Ok ,  276 
,,,,,,,,,,,,0,,,,,,,,,,,,,,,0,0,0,0,0,0, Ok , Ok , Ok ,  277 
,,,,,,,,,,,,0,,,,,,,,,,,,,,,0,0,0,0,0,0, Ok , Ok , Ok ,  278 
,,,,,,,,,,,,0,,,,,,,,,,,,,,,0,0,0,0,0,0, Ok , Ok , Ok ,  279 
,,,,,,,,,,,,0,,,,,,,,,,,,,,,0,0,0,0,0,0, Ok , Ok , Ok ,  280 
,,,,,,,,,,,,0,,,,,,,,,,,,,,,0,0,0,0,0,0, Ok , Ok , Ok ,  281 
,,,,,,,,,,,,0,,,,,,,,,,,,,,,0,0,0,0,0,0, Ok , Ok , Ok ,  282 
,,,,,,,,,,,,0,,,,,,,,,,,,,,,0,0,0,0,0,0, Ok , Ok , Ok ,  283 
,,,,,,,,,,,,0,,,,,,,,,,,,,,,0,0,0,0,0,0, Ok , Ok , Ok ,  284 
,,,,,,,,,,,,0,,,,,,,,,,,,,,,0,0,0,0,0,0, Ok , Ok , Ok ,  285 
,,,,,,,,,,,,0,,,,,,,,,,,,,,,0,0,0,0,0,0, Ok , Ok , Ok ,  286 
,,,,,,,,,,,,0,,,,,,,,,,,,,,,0,0,0,0,0,0, Ok , Ok , Ok ,  287 
,,,,,,,,,,,,0,,,,,,,,,,,,,,,0,0,0,0,0,0, Ok , Ok , Ok ,  288 
,,,,,,,,,,,,0,,,,,,,,,,,,,,,0,0,0,0,0,0, Ok , Ok , Ok ,  289 
,,,,,,,,,,,,0,,,,,,,,,,,,,,,0,0,0,0,0,0, Ok , Ok , Ok ,  290 
,,,,,,,,,,,,0,,,,,,,,,,,,,,,0,0,0,0,0,0, Ok , Ok , Ok ,  291 
,,,,,,,,,,,,0,,,,,,,,,,,,,,,0,0,0,0,0,0, Ok , Ok , Ok ,  292 
,,,,,,,,,,,,0,,,,,,,,,,,,,,,0,0,0,0,0,0, Ok , Ok , Ok ,  293 
,,,,,,,,,,,,0,,,,,,,,,,,,,,,0,0,0,0,0,0, Ok , Ok , Ok ,  294 
,,,,,,,,,,,,0,,,,,,,,,,,,,,,0,0,0,0,0,0, Ok , Ok , Ok ,  295 
,,,,,,,,,,,,0,,,,,,,,,,,,,,,0,0,0,0,0,0, Ok , Ok , Ok ,  296 
,,,,,,,,,,,,0,,,,,,,,,,,,,,,0,0,0,0,0,0, Ok , Ok , Ok ,  297 
,,,,,,,,,,,,0,,,,,,,,,,,,,,,0,0,0,0,0,0, Ok , Ok , Ok ,  298 
,,,,,,,,,,,,0,,,,,,,,,,,,,,,0,0,0,0,0,0, Ok , Ok , Ok ,  299 
,,,,,,,,,,,,0,,,,,,,,,,,,,,,0,0,0,0,0,0, Ok , Ok , Ok ,  300 
,,,,,,,,,,,,0,,,,,,,,,,,,,,,0,0,0,0,0,0, Ok , Ok , Ok ,  301 
,,,,,,,,,,,,0,,,,,,,,,,,,,,,0,0,0,0,0,0, Ok , Ok , Ok ,  302 
,,,,,,,,,,,,0,,,,,,,,,,,,,,,0,0,0,0,0,0, Ok , Ok , Ok ,  303 
,,,,,,,,,,,,0,,,,,,,,,,,,,,,0,0,0,0,0,0, Ok , Ok , Ok ,  304 
,,,,,,,,,,,,0,,,,,,,,,,,,,,,0,0,0,0,0,0, Ok , Ok , Ok ,  305 
,,,,,,,,,,,,0,,,,,,,,,,,,,,,0,0,0,0,0,0, Ok , Ok , Ok ,  306 
,,,,,,,,,,,,0,,,,,,,,,,,,,,,0,0,0,0,0,0, Ok , Ok , Ok ,  307 
,,,,,,,,,,,,0,,,,,,,,,,,,,,,0,0,0,0,0,0, Ok , Ok , Ok ,  308 
,,,,,,,,,,,,0,,,,,,,,,,,,,,,0,0,0,0,0,0, Ok , Ok , Ok ,  309 
,,,,,,,,,,,,0,,,,,,,,,,,,,,,0,0,0,0,0,0, Ok , Ok , Ok ,  310 
,,,,,,,,,,,,0,,,,,,,,,,,,,,,0,0,0,0,0,0, Ok , Ok , Ok ,  311 
,,,,,,,,,,,,0,,,,,,,,,,,,,,,0,0,0,0,0,0, Ok , Ok , Ok ,  312 
,,,,,,,,,,,,0,,,,,,,,,,,,,,,0,0,0,0,0,0, Ok , Ok , Ok ,  313 
,,,,,,,,,,,,0,,,,,,,,,,,,,,,0,0,0,0,0,0, Ok , Ok , Ok ,  314 
,,,,,,,,,,,,0,,,,,,,,,,,,,,,0,0,0,0,0,0, Ok , Ok , Ok ,  315 
,,,,,,,,,,,,0,,,,,,,,,,,,,,,0,0,0,0,0,0, Ok , Ok , Ok ,  316 
,,,,,,,,,,,,0,,,,,,,,,,,,,,,0,0,0,0,0,0, Ok , Ok , Ok ,  317 
,,,,,,,,,,,,0,,,,,,,,,,,,,,,0,0,0,0,0,0, Ok , Ok , Ok ,  318 
,,,,,,,,,,,,0,,,,,,,,,,,,,,,0,0,0,0,0,0, Ok , Ok , Ok ,  319 
,,,,,,,,,,,,0,,,,,,,,,,,,,,,0,0,0,0,0,0, Ok , Ok , Ok ,  320 
,,,,,,,,,,,,0,,,,,,,,,,,,,,,0,0,0,0,0,0, Ok , Ok , Ok ,  321 
,,,,,,,,,,,,0,,,,,,,,,,,,,,,0,0,0,0,0,0, Ok , Ok , Ok ,  322 
,,,,,,,,,,,,0,,,,,,,,,,,,,,,0,0,0,0,0,0, Ok , Ok , Ok ,  323 
,,,,,,,,,,,,0,,,,,,,,,,,,,,,0,0,0,0,0,0, Ok , Ok , Ok ,  324 
,,,,,,,,,,,,0,,,,,,,,,,,,,,,0,0,0,0,0,0, Ok , Ok , Ok ,  325 
,,,,,,,,,,,,0,,,,,,,,,,,,,,,0,0,0,0,0,0, Ok , Ok , Ok ,  326 
,,,,,,,,,,,,0,,,,,,,,,,,,,,,0,0,0,0,0,0, Ok , Ok , Ok ,  327 
,,,,,,,,,,,,0,,,,,,,,,,,,,,,0,0,0,0,0,0, Ok , Ok , Ok ,  328 
,,,,,,,,,,,,0,,,,,,,,,,,,,,,0,0,0,0,0,0, Ok , Ok , Ok ,  329 
,,,,,,,,,,,,0,,,,,,,,,,,,,,,0,0,0,0,0,0, Ok , Ok , Ok ,  330 
,,,,,,,,,,,,0,,,,,,,,,,,,,,,0,0,0,0,0,0, Ok , Ok , Ok ,  331 
,,,,,,,,,,,,0,,,,,,,,,,,,,,,0,0,0,0,0,0, Ok , Ok , Ok ,  332 
,,,,,,,,,,,,0,,,,,,,,,,,,,,,0,0,0,0,0,0, Ok , Ok , Ok ,  333 
,,,,,,,,,,,,0,,,,,,,,,,,,,,,0,0,0,0,0,0, Ok , Ok , Ok ,  334 
,,,,,,,,,,,,0,,,,,,,,,,,,,,,0,0,0,0,0,0, Ok , Ok , Ok ,  335 
,,,,,,,,,,,,0,,,,,,,,,,,,,,,0,0,0,0,0,0, Ok , Ok , Ok ,  336 
,,,,,,,,,,,,0,,,,,,,,,,,,,,,0,0,0,0,0,0, Ok , Ok , Ok ,  337 
,,,,,,,,,,,,0,,,,,,,,,,,,,,,0,0,0,0,0,0, Ok , Ok , Ok ,  338 
,,,,,,,,,,,,0,,,,,,,,,,,,,,,0,0,0,0,0,0, Ok , Ok , Ok ,  339 
,,,,,,,,,,,,0,,,,,,,,,,,,,,,0,0,0,0,0,0, Ok , Ok , Ok ,  340 
,,,,,,,,,,,,0,,,,,,,,,,,,,,,0,0,0,0,0,0, Ok , Ok , Ok ,  341 
,,,,,,,,,,,,0,,,,,,,,,,,,,,,0,0,0,0,0,0, Ok , Ok , Ok ,  342 
,,,,,,,,,,,,0,,,,,,,,,,,,,,,0,0,0,0,0,0, Ok , Ok , Ok ,  343 
,,,,,,,,,,,,0,,,,,,,,,,,,,,,0,0,0,0,0,0, Ok , Ok , Ok ,  344 
,,,,,,,,,,,,0,,,,,,,,,,,,,,,0,0,0,0,0,0, Ok , Ok , Ok ,  345 
,,,,,,,,,,,,0,,,,,,,,,,,,,,,0,0,0,0,0,0, Ok , Ok , Ok ,  346 
,,,,,,,,,,,,0,,,,,,,,,,,,,,,0,0,0,0,0,0, Ok , Ok , Ok ,  347 
,,,,,,,,,,,,0,,,,,,,,,,,,,,,0,0,0,0,0,0, Ok , Ok , Ok ,  348 
,,,,,,,,,,,,0,,,,,,,,,,,,,,,0,0,0,0,0,0, Ok , Ok , Ok ,  349 
,,,,,,,,,,,,0,,,,,,,,,,,,,,,0,0,0,0,0,0, Ok , Ok , Ok ,  350 
,,,,,,,,,,,,0,,,,,,,,,,,,,,,0,0,0,0,0,0, Ok , Ok , Ok ,  351 
,,,,,,,,,,,,0,,,,,,,,,,,,,,,0,0,0,0,0,0, Ok , Ok , Ok ,  352 
,,,,,,,,,,,,0,,,,,,,,,,,,,,,0,0,0,0,0,0, Ok , Ok , Ok ,  353 
,,,,,,,,,,,,0,,,,,,,,,,,,,,,0,0,0,0,0,0, Ok , Ok , Ok ,  354 
,,,,,,,,,,,,0,,,,,,,,,,,,,,,0,0,0,0,0,0, Ok , Ok , Ok ,  355 
,,,,,,,,,,,,0,,,,,,,,,,,,,,,0,0,0,0,0,0, Ok , Ok , Ok ,  356 
,,,,,,,,,,,,0,,,,,,,,,,,,,,,0,0,0,0,0,0, Ok , Ok , Ok ,  357 
,,,,,,,,,,,,0,,,,,,,,,,,,,,,0,0,0,0,0,0, Ok , Ok , Ok ,  358 
,,,,,,,,,,,,0,,,,,,,,,,,,,,,0,0,0,0,0,0, Ok , Ok , Ok ,  359 
,,,,,,,,,,,,0,,,,,,,,,,,,,,,0,0,0,0,0,0, Ok , Ok , Ok ,  360 
,,,,,,,,,,,,0,,,,,,,,,,,,,,,0,0,0,0,0,0, Ok , Ok , Ok ,  361 
,,,,,,,,,,,,0,,,,,,,,,,,,,,,0,0,0,0,0,0, Ok , Ok , Ok ,  362 
,,,,,,,,,,,,0,,,,,,,,,,,,,,,0,0,0,0,0,0, Ok , Ok , Ok ,  363 
,,,,,,,,,,,,0,,,,,,,,,,,,,,,0,0,0,0,0,0, Ok , Ok , Ok ,  364 
,,,,,,,,,,,,0,,,,,,,,,,,,,,,0,0,0,0,0,0, Ok , Ok , Ok ,  365 
,,,,,,,,,,,,0,,,,,,,,,,,,,,,0,0,0,0,0,0, Ok , Ok , Ok ,  366 
,,,,,,,,,,,,0,,,,,,,,,,,,,,,0,0,0,0,0,0, Ok , Ok , Ok ,  367 
,,,,,,,,,,,,0,,,,,,,,,,,,,,,0,0,0,0,0,0, Ok , Ok , Ok ,  368 
,,,,,,,,,,,,0,,,,,,,,,,,,,,,0,0,0,0,0,0, Ok , Ok , Ok ,  369 
,,,,,,,,,,,,0,,,,,,,,,,,,,,,0,0,0,0,0,0, Ok , Ok , Ok ,  370 
,,,,,,,,,,,,0,,,,,,,,,,,,,,,0,0,0,0,0,0, Ok , Ok , Ok ,  371 
,,,,,,,,,,,,0,,,,,,,,,,,,,,,0,0,0,0,0,0, Ok , Ok , Ok ,  372 
,,,,,,,,,,,,0,,,,,,,,,,,,,,,0,0,0,0,0,0, Ok , Ok , Ok ,  373 
,,,,,,,,,,,,0,,,,,,,,,,,,,,,0,0,0,0,0,0, Ok , Ok , Ok ,  374 
,,,,,,,,,,,,0,,,,,,,,,,,,,,,0,0,0,0,0,0, Ok , Ok , Ok ,  375 
,,,,,,,,,,,,0,,,,,,,,,,,,,,,0,0,0,0,0,0, Ok , Ok , Ok ,  376 
,,,,,,,,,,,,0,,,,,,,,,,,,,,,0,0,0,0,0,0, Ok , Ok , Ok ,  377 
,,,,,,,,,,,,0,,,,,,,,,,,,,,,0,0,0,0,0,0, Ok , Ok , Ok ,  378 
,,,,,,,,,,,,0,,,,,,,,,,,,,,,0,0,0,0,0,0, Ok , Ok , Ok ,  379 
,,,,,,,,,,,,0,,,,,,,,,,,,,,,0,0,0,0,0,0, Ok , Ok , Ok ,  380 
,,,,,,,,,,,,0,,,,,,,,,,,,,,,0,0,0,0,0,0, Ok , Ok , Ok ,  381 
,,,,,,,,,,,,0,,,,,,,,,,,,,,,0,0,0,0,0,0, Ok , Ok , Ok ,  382 
,,,,,,,,,,,,0,,,,,,,,,,,,,,,0,0,0,0,0,0, Ok , Ok , Ok ,  383 
,,,,,,,,,,,,0,,,,,,,,,,,,,,,0,0,0,0,0,0, Ok , Ok , Ok ,  384 
,,,,,,,,,,,,0,,,,,,,,,,,,,,,0,0,0,0,0,0, Ok , Ok , Ok ,  385 
,,,,,,,,,,,,0,,,,,,,,,,,,,,,0,0,0,0,0,0, Ok , Ok , Ok ,  386 
,,,,,,,,,,,,0,,,,,,,,,,,,,,,0,0,0,0,0,0, Ok , Ok , Ok ,  387 
,,,,,,,,,,,,0,,,,,,,,,,,,,,,0,0,0,0,0,0, Ok , Ok , Ok ,  388 
,,,,,,,,,,,,0,,,,,,,,,,,,,,,0,0,0,0,0,0, Ok , Ok , Ok ,  389 
,,,,,,,,,,,,0,,,,,,,,,,,,,,,0,0,0,0,0,0, Ok , Ok , Ok ,  390 
,,,,,,,,,,,,0,,,,,,,,,,,,,,,0,0,0,0,0,0, Ok , Ok , Ok ,  391 
,,,,,,,,,,,,0,,,,,,,,,,,,,,,0,0,0,0,0,0, Ok , Ok , Ok ,  392 
,,,,,,,,,,,,0,,,,,,,,,,,,,,,0,0,0,0,0,0, Ok , Ok , Ok ,  393 
,,,,,,,,,,,,0,,,,,,,,,,,,,,,0,0,0,0,0,0, Ok , Ok , Ok ,  394 
,,,,,,,,,,,,0,,,,,,,,,,,,,,,0,0,0,0,0,0, Ok , Ok , Ok ,  395 
,,,,,,,,,,,,0,,,,,,,,,,,,,,,0,0,0,0,0,0, Ok , Ok , Ok ,  396 
,,,,,,,,,,,,0,,,,,,,,,,,,,,,0,0,0,0,0,0, Ok , Ok , Ok ,  397 
,,,,,,,,,,,,0,,,,,,,,,,,,,,,0,0,0,0,0,0, Ok , Ok , Ok ,  398 
,,,,,,,,,,,,0,,,,,,,,,,,,,,,0,0,0,0,0,0, Ok , Ok , Ok ,  399 
,,,,,,,,,,,,0,,,,,,,,,,,,,,,0,0,0,0,0,0, Ok , Ok , Ok ,  400 
,,,,,,,,,,,,0,,,,,,,,,,,,,,,0,0,0,0,0,0, Ok , Ok , Ok ,  401 
,,,,,,,,,,,,0,,,,,,,,,,,,,,,0,0,0,0,0,0, Ok , Ok , Ok ,  402 
,,,,,,,,,,,,0,,,,,,,,,,,,,,,0,0,0,0,0,0, Ok , Ok , Ok ,  403 
,,,,,,,,,,,,0,,,,,,,,,,,,,,,0,0,0,0,0,0, Ok , Ok , Ok ,  404 
,,,,,,,,,,,,0,,,,,,,,,,,,,,,0,0,0,0,0,0, Ok , Ok , Ok ,  405 
,,,,,,,,,,,,0,,,,,,,,,,,,,,,0,0,0,0,0,0, Ok , Ok , Ok ,  406 
,,,,,,,,,,,,0,,,,,,,,,,,,,,,0,0,0,0,0,0, Ok , Ok , Ok ,  407 
,,,,,,,,,,,,0,,,,,,,,,,,,,,,0,0,0,0,0,0, Ok , Ok , Ok ,  408 
,,,,,,,,,,,,0,,,,,,,,,,,,,,,0,0,0,0,0,0, Ok , Ok , Ok ,  409 
,,,,,,,,,,,,0,,,,,,,,,,,,,,,0,0,0,0,0,0, Ok , Ok , Ok ,  410 
,,,,,,,,,,,,0,,,,,,,,,,,,,,,0,0,0,0,0,0, Ok , Ok , Ok ,  411 
,,,,,,,,,,,,0,,,,,,,,,,,,,,,0,0,0,0,0,0, Ok , Ok , Ok ,  412 
,,,,,,,,,,,,0,,,,,,,,,,,,,,,0,0,0,0,0,0, Ok , Ok , Ok ,  413 
,,,,,,,,,,,,0,,,,,,,,,,,,,,,0,0,0,0,0,0, Ok , Ok , Ok ,  414 
,,,,,,,,,,,,0,,,,,,,,,,,,,,,0,0,0,0,0,0, Ok , Ok , Ok ,  415 
,,,,,,,,,,,,0,,,,,,,,,,,,,,,0,0,0,0,0,0, Ok , Ok , Ok ,  416 
,,,,,,,,,,,,0,,,,,,,,,,,,,,,0,0,0,0,0,0, Ok , Ok , Ok ,  417 
,,,,,,,,,,,,0,,,,,,,,,,,,,,,0,0,0,0,0,0, Ok , Ok , Ok ,  418 
,,,,,,,,,,,,0,,,,,,,,,,,,,,,0,0,0,0,0,0, Ok , Ok , Ok ,  419 
,,,,,,,,,,,,0,,,,,,,,,,,,,,,0,0,0,0,0,0, Ok , Ok , Ok ,  420 
,,,,,,,,,,,,0,,,,,,,,,,,,,,,0,0,0,0,0,0, Ok , Ok , Ok ,  421 
,,,,,,,,,,,,0,,,,,,,,,,,,,,,0,0,0,0,0,0, Ok , Ok , Ok ,  422 
,,,,,,,,,,,,0,,,,,,,,,,,,,,,0,0,0,0,0,0, Ok , Ok , Ok ,  423 
,,,,,,,,,,,,0,,,,,,,,,,,,,,,0,0,0,0,0,0, Ok , Ok , Ok ,  424 
,,,,,,,,,,,,0,,,,,,,,,,,,,,,0,0,0,0,0,0, Ok , Ok , Ok ,  425 
,,,,,,,,,,,,0,,,,,,,,,,,,,,,0,0,0,0,0,0, Ok , Ok , Ok ,  426 
,,,,,,,,,,,,0,,,,,,,,,,,,,,,0,0,0,0,0,0, Ok , Ok , Ok ,  427 
,,,,,,,,,,,,0,,,,,,,,,,,,,,,0,0,0,0,0,0, Ok , Ok , Ok ,  428 
,,,,,,,,,,,,0,,,,,,,,,,,,,,,0,0,0,0,0,0, Ok , Ok , Ok ,  429 
,,,,,,,,,,,,0,,,,,,,,,,,,,,,0,0,0,0,0,0, Ok , Ok , Ok ,  430 
,,,,,,,,,,,,0,,,,,,,,,,,,,,,0,0,0,0,0,0, Ok , Ok , Ok ,  431 
,,,,,,,,,,,,0,,,,,,,,,,,,,,,0,0,0,0,0,0, Ok , Ok , Ok ,  432 
,,,,,,,,,,,,0,,,,,,,,,,,,,,,0,0,0,0,0,0, Ok , Ok , Ok ,  433 
,,,,,,,,,,,,0,,,,,,,,,,,,,,,0,0,0,0,0,0, Ok , Ok , Ok ,  434 
,,,,,,,,,,,,0,,,,,,,,,,,,,,,0,0,0,0,0,0, Ok , Ok , Ok ,  435 
,,,,,,,,,,,,0,,,,,,,,,,,,,,,0,0,0,0,0,0, Ok , Ok , Ok ,  436 
,,,,,,,,,,,,0,,,,,,,,,,,,,,,0,0,0,0,0,0, Ok , Ok , Ok ,  437 
,,,,,,,,,,,,0,,,,,,,,,,,,,,,0,0,0,0,0,0, Ok , Ok , Ok ,  438 
,,,,,,,,,,,,0,,,,,,,,,,,,,,,0,0,0,0,0,0, Ok , Ok , Ok ,  439 
,,,,,,,,,,,,0,,,,,,,,,,,,,,,0,0,0,0,0,0, Ok , Ok , Ok ,  440 
,,,,,,,,,,,,0,,,,,,,,,,,,,,,0,0,0,0,0,0, Ok , Ok , Ok ,  441 
,,,,,,,,,,,,0,,,,,,,,,,,,,,,0,0,0,0,0,0, Ok , Ok , Ok ,  442 
,,,,,,,,,,,,0,,,,,,,,,,,,,,,0,0,0,0,0,0, Ok , Ok , Ok ,  443 
,,,,,,,,,,,,0,,,,,,,,,,,,,,,0,0,0,0,0,0, Ok , Ok , Ok ,  444 
,,,,,,,,,,,,0,,,,,,,,,,,,,,,0,0,0,0,0,0, Ok , Ok , Ok ,  445 
,,,,,,,,,,,,0,,,,,,,,,,,,,,,0,0,0,0,0,0, Ok , Ok , Ok ,  446 
,,,,,,,,,,,,0,,,,,,,,,,,,,,,0,0,0,0,0,0, Ok , Ok , Ok ,  447 
,,,,,,,,,,,,0,,,,,,,,,,,,,,,0,0,0,0,0,0, Ok , Ok , Ok ,  448 
,,,,,,,,,,,,0,,,,,,,,,,,,,,,0,0,0,0,0,0, Ok , Ok , Ok ,  449 
,,,,,,,,,,,,0,,,,,,,,,,,,,,,0,0,0,0,0,0, Ok , Ok , Ok ,  450 
,,,,,,,,,,,,0,,,,,,,,,,,,,,,0,0,0,0,0,0, Ok , Ok , Ok ,  451 
,,,,,,,,,,,,0,,,,,,,,,,,,,,,0,0,0,0,0,0, Ok , Ok , Ok ,  452 
,,,,,,,,,,,,0,,,,,,,,,,,,,,,0,0,0,0,0,0, Ok , Ok , Ok ,  453 
,,,,,,,,,,,,0,,,,,,,,,,,,,,,0,0,0,0,0,0, Ok , Ok , Ok ,  454 
,,,,,,,,,,,,0,,,,,,,,,,,,,,,0,0,0,0,0,0, Ok , Ok , Ok ,  455 
,,,,,,,,,,,,0,,,,,,,,,,,,,,,0,0,0,0,0,0, Ok , Ok , Ok ,  456 
,,,,,,,,,,,,0,,,,,,,,,,,,,,,0,0,0,0,0,0, Ok , Ok , Ok ,  457 
,,,,,,,,,,,,0,,,,,,,,,,,,,,,0,0,0,0,0,0, Ok , Ok , Ok ,  458 
,,,,,,,,,,,,0,,,,,,,,,,,,,,,0,0,0,0,0,0, Ok , Ok , Ok ,  459 
,,,,,,,,,,,,0,,,,,,,,,,,,,,,0,0,0,0,0,0, Ok , Ok , Ok ,  460 
,,,,,,,,,,,,0,,,,,,,,,,,,,,,0,0,0,0,0,0, Ok , Ok , Ok ,  461 
,,,,,,,,,,,,0,,,,,,,,,,,,,,,0,0,0,0,0,0, Ok , Ok , Ok ,  462 
,,,,,,,,,,,,0,,,,,,,,,,,,,,,0,0,0,0,0,0, Ok , Ok , Ok ,  463 
,,,,,,,,,,,,0,,,,,,,,,,,,,,,0,0,0,0,0,0, Ok , Ok , Ok ,  464 
,,,,,,,,,,,,0,,,,,,,,,,,,,,,0,0,0,0,0,0, Ok , Ok , Ok ,  465 
,,,,,,,,,,,,0,,,,,,,,,,,,,,,0,0,0,0,0,0, Ok , Ok , Ok ,  466 
,,,,,,,,,,,,0,,,,,,,,,,,,,,,0,0,0,0,0,0, Ok , Ok , Ok ,  467 
,,,,,,,,,,,,0,,,,,,,,,,,,,,,0,0,0,0,0,0, Ok , Ok , Ok ,  468 
,,,,,,,,,,,,0,,,,,,,,,,,,,,,0,0,0,0,0,0, Ok , Ok , Ok ,  469 
,,,,,,,,,,,,0,,,,,,,,,,,,,,,0,0,0,0,0,0, Ok , Ok , Ok ,  470 
,,,,,,,,,,,,0,,,,,,,,,,,,,,,0,0,0,0,0,0, Ok , Ok , Ok ,  471 
,,,,,,,,,,,,0,,,,,,,,,,,,,,,0,0,0,0,0,0, Ok , Ok , Ok ,  472 
,,,,,,,,,,,,0,,,,,,,,,,,,,,,0,0,0,0,0,0, Ok , Ok , Ok ,  473 
,,,,,,,,,,,,0,,,,,,,,,,,,,,,0,0,0,0,0,0, Ok , Ok , Ok ,  474 
,,,,,,,,,,,,0,,,,,,,,,,,,,,,0,0,0,0,0,0, Ok , Ok , Ok ,  475 
,,,,,,,,,,,,0,,,,,,,,,,,,,,,0,0,0,0,0,0, Ok , Ok , Ok ,  476 
,,,,,,,,,,,,0,,,,,,,,,,,,,,,0,0,0,0,0,0, Ok , Ok , Ok ,  477 
,,,,,,,,,,,,0,,,,,,,,,,,,,,,0,0,0,0,0,0, Ok , Ok , Ok ,  478 
,,,,,,,,,,,,0,,,,,,,,,,,,,,,0,0,0,0,0,0, Ok , Ok , Ok ,  479 
,,,,,,,,,,,,0,,,,,,,,,,,,,,,0,0,0,0,0,0, Ok , Ok , Ok ,  480 
,,,,,,,,,,,,0,,,,,,,,,,,,,,,0,0,0,0,0,0, Ok , Ok , Ok ,  481 
,,,,,,,,,,,,0,,,,,,,,,,,,,,,0,0,0,0,0,0, Ok , Ok , Ok ,  482 
,,,,,,,,,,,,0,,,,,,,,,,,,,,,0,0,0,0,0,0, Ok , Ok , Ok ,  483 
,,,,,,,,,,,,0,,,,,,,,,,,,,,,0,0,0,0,0,0, Ok , Ok , Ok ,  484 
,,,,,,,,,,,,0,,,,,,,,,,,,,,,0,0,0,0,0,0, Ok , Ok , Ok ,  485 
,,,,,,,,,,,,0,,,,,,,,,,,,,,,0,0,0,0,0,0, Ok , Ok , Ok ,  486 
,,,,,,,,,,,,0,,,,,,,,,,,,,,,0,0,0,0,0,0, Ok , Ok , Ok ,  487 
,,,,,,,,,,,,0,,,,,,,,,,,,,,,0,0,0,0,0,0, Ok , Ok , Ok ,  488 
,,,,,,,,,,,,0,,,,,,,,,,,,,,,0,0,0,0,0,0, Ok , Ok , Ok ,  489 
,,,,,,,,,,,,0,,,,,,,,,,,,,,,0,0,0,0,0,0, Ok , Ok , Ok ,  490 
,,,,,,,,,,,,0,,,,,,,,,,,,,,,0,0,0,0,0,0, Ok , Ok , Ok ,  491 
,,,,,,,,,,,,0,,,,,,,,,,,,,,,0,0,0,0,0,0, Ok , Ok , Ok ,  492 
,,,,,,,,,,,,0,,,,,,,,,,,,,,,0,0,0,0,0,0, Ok , Ok , Ok ,  493 
,,,,,,,,,,,,0,,,,,,,,,,,,,,,0,0,0,0,0,0, Ok , Ok , Ok ,  494 
,,,,,,,,,,,,0,,,,,,,,,,,,,,,0,0,0,0,0,0, Ok , Ok , Ok ,  495 
,,,,,,,,,,,,0,,,,,,,,,,,,,,,0,0,0,0,0,0, Ok , Ok , Ok ,  496 
,,,,,,,,,,,,0,,,,,,,,,,,,,,,0,0,0,0,0,0, Ok , Ok , Ok ,  497 
,,,,,,,,,,,,0,,,,,,,,,,,,,,,0,0,0,0,0,0, Ok , Ok , Ok ,  498 
,,,,,,,,,,,,0,,,,,,,,,,,,,,,0,0,0,0,0,0, Ok , Ok , Ok ,  499 
,,,,,,,,,,,,0,,,,,,,,,,,,,,,0,0,0,0,0,0, Ok , Ok , Ok ,  500 
,,,,,,,,,,,,0,,,,,,,,,,,,,,,0,0,0,0,0,0, Ok , Ok , Ok ,  501 
,,,,,,,,,,,,0,,,,,,,,,,,,,,,0,0,0,0,0,0, Ok , Ok , Ok ,  502 
,,,,,,,,,,,,0,,,,,,,,,,,,,,,0,0,0,0,0,0, Ok , Ok , Ok ,  503 
,,,,,,,,,,,,0,,,,,,,,,,,,,,,0,0,0,0,0,0, Ok , Ok , Ok ,  504 
,,,,,,,,,,,,0,,,,,,,,,,,,,,,0,0,0,0,0,0, Ok , Ok , Ok ,  505 
,,,,,,,,,,,,0,,,,,,,,,,,,,,,0,0,0,0,0,0, Ok , Ok , Ok ,  506 
,,,,,,,,,,,,0,,,,,,,,,,,,,,,0,0,0,0,0,0, Ok , Ok , Ok ,  507 
,,,,,,,,,,,,0,,,,,,,,,,,,,,,0,0,0,0,0,0, Ok , Ok , Ok ,  508 
,,,,,,,,,,,,0,,,,,,,,,,,,,,,0,0,0,0,0,0, Ok , Ok , Ok ,  509 
,,,,,,,,,,,,0,,,,,,,,,,,,,,,0,0,0,0,0,0, Ok , Ok , Ok ,  510 
,,,,,,,,,,,,0,,,,,,,,,,,,,,,0,0,0,0,0,0, Ok , Ok , Ok ,  511 
,,,,,,,,,,,,0,,,,,,,,,,,,,,,0,0,0,0,0,0, Ok , Ok , Ok ,  512 
,,,,,,,,,,,,0,,,,,,,,,,,,,,,0,0,0,0,0,0, Ok , Ok , Ok ,  513 
,,,,,,,,,,,,0,,,,,,,,,,,,,,,0,0,0,0,0,0, Ok , Ok , Ok ,  514 
,,,,,,,,,,,,0,,,,,,,,,,,,,,,0,0,0,0,0,0, Ok , Ok , Ok ,  515 
,,,,,,,,,,,,0,,,,,,,,,,,,,,,0,0,0,0,0,0, Ok , Ok , Ok ,  516 
,,,,,,,,,,,,0,,,,,,,,,,,,,,,0,0,0,0,0,0, Ok , Ok , Ok ,  517 
,,,,,,,,,,,,0,,,,,,,,,,,,,,,0,0,0,0,0,0, Ok , Ok , Ok ,  518 
,,,,,,,,,,,,0,,,,,,,,,,,,,,,0,0,0,0,0,0, Ok , Ok , Ok ,  519 
,,,,,,,,,,,,0,,,,,,,,,,,,,,,0,0,0,0,0,0, Ok , Ok , Ok ,  520 
,,,,,,,,,,,,0,,,,,,,,,,,,,,,0,0,0,0,0,0, Ok , Ok , Ok ,  521 
,,,,,,,,,,,,0,,,,,,,,,,,,,,,0,0,0,0,0,0, Ok , Ok , Ok ,  522 
,,,,,,,,,,,,0,,,,,,,,,,,,,,,0,0,0,0,0,0, Ok , Ok , Ok ,  523 
,,,,,,,,,,,,0,,,,,,,,,,,,,,,0,0,0,0,0,0, Ok , Ok , Ok ,  524 
,,,,,,,,,,,,0,,,,,,,,,,,,,,,0,0,0,0,0,0, Ok , Ok , Ok ,  525 
,,,,,,,,,,,,0,,,,,,,,,,,,,,,0,0,0,0,0,0, Ok , Ok , Ok ,  526 
,,,,,,,,,,,,0,,,,,,,,,,,,,,,0,0,0,0,0,0, Ok , Ok , Ok ,  527 
,,,,,,,,,,,,0,,,,,,,,,,,,,,,0,0,0,0,0,0, Ok , Ok , Ok ,  528 
,,,,,,,,,,,,0,,,,,,,,,,,,,,,0,0,0,0,0,0, Ok , Ok , Ok ,  529 
,,,,,,,,,,,,0,,,,,,,,,,,,,,,0,0,0,0,0,0, Ok , Ok , Ok ,  530 
,,,,,,,,,,,,0,,,,,,,,,,,,,,,0,0,0,0,0,0, Ok , Ok , Ok ,  531 
,,,,,,,,,,,,0,,,,,,,,,,,,,,,0,0,0,0,0,0, Ok , Ok , Ok ,  532 
,,,,,,,,,,,,0,,,,,,,,,,,,,,,0,0,0,0,0,0, Ok , Ok , Ok ,  533 
,,,,,,,,,,,,0,,,,,,,,,,,,,,,0,0,0,0,0,0, Ok , Ok , Ok ,  534 
,,,,,,,,,,,,0,,,,,,,,,,,,,,,0,0,0,0,0,0, Ok , Ok , Ok ,  535 
,,,,,,,,,,,,0,,,,,,,,,,,,,,,0,0,0,0,0,0, Ok , Ok , Ok ,  536 
,,,,,,,,,,,,0,,,,,,,,,,,,,,,0,0,0,0,0,0, Ok , Ok , Ok ,  537 
,,,,,,,,,,,,0,,,,,,,,,,,,,,,0,0,0,0,0,0, Ok , Ok , Ok ,  538 
,,,,,,,,,,,,0,,,,,,,,,,,,,,,0,0,0,0,0,0, Ok , Ok , Ok ,  539 
,,,,,,,,,,,,0,,,,,,,,,,,,,,,0,0,0,0,0,0, Ok , Ok , Ok ,  540 
,,,,,,,,,,,,0,,,,,,,,,,,,,,,0,0,0,0,0,0, Ok , Ok , Ok ,  541 
,,,,,,,,,,,,0,,,,,,,,,,,,,,,0,0,0,0,0,0, Ok , Ok , Ok ,  542 
,,,,,,,,,,,,0,,,,,,,,,,,,,,,0,0,0,0,0,0, Ok , Ok , Ok ,  543 
,,,,,,,,,,,,0,,,,,,,,,,,,,,,0,0,0,0,0,0, Ok , Ok , Ok ,  544 
,,,,,,,,,,,,0,,,,,,,,,,,,,,,0,0,0,0,0,0, Ok , Ok , Ok ,  545 
,,,,,,,,,,,,0,,,,,,,,,,,,,,,0,0,0,0,0,0, Ok , Ok , Ok ,  546 
,,,,,,,,,,,,0,,,,,,,,,,,,,,,0,0,0,0,0,0, Ok , Ok , Ok ,  547 
,,,,,,,,,,,,0,,,,,,,,,,,,,,,0,0,0,0,0,0, Ok , Ok , Ok ,  548 
,,,,,,,,,,,,0,,,,,,,,,,,,,,,0,0,0,0,0,0, Ok , Ok , Ok ,  549 
,,,,,,,,,,,,0,,,,,,,,,,,,,,,0,0,0,0,0,0, Ok , Ok , Ok ,  550 
,,,,,,,,,,,,0,,,,,,,,,,,,,,,0,0,0,0,0,0, Ok , Ok , Ok ,  551 
,,,,,,,,,,,,0,,,,,,,,,,,,,,,0,0,0,0,0,0, Ok , Ok , Ok ,  552 
,,,,,,,,,,,,0,,,,,,,,,,,,,,,0,0,0,0,0,0, Ok , Ok , Ok ,  553 
,,,,,,,,,,,,0,,,,,,,,,,,,,,,0,0,0,0,0,0, Ok , Ok , Ok ,  554 
,,,,,,,,,,,,0,,,,,,,,,,,,,,,0,0,0,0,0,0, Ok , Ok , Ok ,  555 
,,,,,,,,,,,,0,,,,,,,,,,,,,,,0,0,0,0,0,0, Ok , Ok , Ok ,  556 
,,,,,,,,,,,,0,,,,,,,,,,,,,,,0,0,0,0,0,0, Ok , Ok , Ok ,  557 
,,,,,,,,,,,,0,,,,,,,,,,,,,,,0,0,0,0,0,0, Ok , Ok , Ok ,  558 
,,,,,,,,,,,,0,,,,,,,,,,,,,,,0,0,0,0,0,0, Ok , Ok , Ok ,  559 
,,,,,,,,,,,,0,,,,,,,,,,,,,,,0,0,0,0,0,0, Ok , Ok , Ok ,  560 
,,,,,,,,,,,,0,,,,,,,,,,,,,,,0,0,0,0,0,0, Ok , Ok , Ok ,  561 
,,,,,,,,,,,,0,,,,,,,,,,,,,,,0,0,0,0,0,0, Ok , Ok , Ok ,  562 
,,,,,,,,,,,,0,,,,,,,,,,,,,,,0,0,0,0,0,0, Ok , Ok , Ok ,  563 
,,,,,,,,,,,,0,,,,,,,,,,,,,,,0,0,0,0,0,0, Ok , Ok , Ok ,  564 
,,,,,,,,,,,,0,,,,,,,,,,,,,,,0,0,0,0,0,0, Ok , Ok , Ok ,  565 
,,,,,,,,,,,,0,,,,,,,,,,,,,,,0,0,0,0,0,0, Ok , Ok , Ok ,  566 
,,,,,,,,,,,,0,,,,,,,,,,,,,,,0,0,0,0,0,0, Ok , Ok , Ok ,  567 
,,,,,,,,,,,,0,,,,,,,,,,,,,,,0,0,0,0,0,0, Ok , Ok , Ok ,  568 
,,,,,,,,,,,,0,,,,,,,,,,,,,,,0,0,0,0,0,0, Ok , Ok , Ok ,  569 
,,,,,,,,,,,,0,,,,,,,,,,,,,,,0,0,0,0,0,0, Ok , Ok , Ok ,  570 
,,,,,,,,,,,,0,,,,,,,,,,,,,,,0,0,0,0,0,0, Ok , Ok , Ok ,  571 
,,,,,,,,,,,,0,,,,,,,,,,,,,,,0,0,0,0,0,0, Ok , Ok , Ok ,  572 
,,,,,,,,,,,,0,,,,,,,,,,,,,,,0,0,0,0,0,0, Ok , Ok , Ok ,  573 
,,,,,,,,,,,,0,,,,,,,,,,,,,,,0,0,0,0,0,0, Ok , Ok , Ok ,  574 
,,,,,,,,,,,,0,,,,,,,,,,,,,,,0,0,0,0,0,0, Ok , Ok , Ok ,  575 
,,,,,,,,,,,,0,,,,,,,,,,,,,,,0,0,0,0,0,0, Ok , Ok , Ok ,  576 
,,,,,,,,,,,,0,,,,,,,,,,,,,,,0,0,0,0,0,0, Ok , Ok , Ok ,  577 
,,,,,,,,,,,,0,,,,,,,,,,,,,,,0,0,0,0,0,0, Ok , Ok , Ok ,  578 
,,,,,,,,,,,,0,,,,,,,,,,,,,,,0,0,0,0,0,0, Ok , Ok , Ok ,  579 
,,,,,,,,,,,,0,,,,,,,,,,,,,,,0,0,0,0,0,0, Ok , Ok , Ok ,  580 
,,,,,,,,,,,,0,,,,,,,,,,,,,,,0,0,0,0,0,0, Ok , Ok , Ok ,  581 
,,,,,,,,,,,,0,,,,,,,,,,,,,,,0,0,0,0,0,0, Ok , Ok , Ok ,  582 
,,,,,,,,,,,,0,,,,,,,,,,,,,,,0,0,0,0,0,0, Ok , Ok , Ok ,  583 
,,,,,,,,,,,,0,,,,,,,,,,,,,,,0,0,0,0,0,0, Ok , Ok , Ok ,  584 
,,,,,,,,,,,,0,,,,,,,,,,,,,,,0,0,0,0,0,0, Ok , Ok , Ok ,  585 
,,,,,,,,,,,,0,,,,,,,,,,,,,,,0,0,0,0,0,0, Ok , Ok , Ok ,  586 
,,,,,,,,,,,,0,,,,,,,,,,,,,,,0,0,0,0,0,0, Ok , Ok , Ok ,  587 
,,,,,,,,,,,,0,,,,,,,,,,,,,,,0,0,0,0,0,0, Ok , Ok , Ok ,  588 
,,,,,,,,,,,,0,,,,,,,,,,,,,,,0,0,0,0,0,0, Ok , Ok , Ok ,  589 
,,,,,,,,,,,,0,,,,,,,,,,,,,,,0,0,0,0,0,0, Ok , Ok , Ok ,  590 
,,,,,,,,,,,,0,,,,,,,,,,,,,,,0,0,0,0,0,0, Ok , Ok , Ok ,  591 
,,,,,,,,,,,,0,,,,,,,,,,,,,,,0,0,0,0,0,0, Ok , Ok , Ok ,  592 
,,,,,,,,,,,,0,,,,,,,,,,,,,,,0,0,0,0,0,0, Ok , Ok , Ok ,  593 
,,,,,,,,,,,,0,,,,,,,,,,,,,,,0,0,0,0,0,0, Ok , Ok , Ok ,  594 
,,,,,,,,,,,,0,,,,,,,,,,,,,,,0,0,0,0,0,0, Ok , Ok , Ok ,  595 
,,,,,,,,,,,,0,,,,,,,,,,,,,,,0,0,0,0,0,0, Ok , Ok , Ok ,  596 
,,,,,,,,,,,,0,,,,,,,,,,,,,,,0,0,0,0,0,0, Ok , Ok , Ok ,  597 
,,,,,,,,,,,,0,,,,,,,,,,,,,,,0,0,0,0,0,0, Ok , Ok , Ok ,  598 
,,,,,,,,,,,,0,,,,,,,,,,,,,,,0,0,0,0,0,0, Ok , Ok , Ok ,  599 
,,,,,,,,,,,,0,,,,,,,,,,,,,,,0,0,0,0,0,0, Ok , Ok , Ok ,  600 
,,,,,,,,,,,,0,,,,,,,,,,,,,,,0,0,0,0,0,0, Ok , Ok , Ok ,  601 
,,,,,,,,,,,,0,,,,,,,,,,,,,,,0,0,0,0,0,0, Ok , Ok , Ok ,  602 
,,,,,,,,,,,,0,,,,,,,,,,,,,,,0,0,0,0,0,0, Ok , Ok , Ok ,  603 
,,,,,,,,,,,,0,,,,,,,,,,,,,,,0,0,0,0,0,0, Ok , Ok , Ok ,  604 
,,,,,,,,,,,,0,,,,,,,,,,,,,,,0,0,0,0,0,0, Ok , Ok , Ok ,  605 
,,,,,,,,,,,,0,,,,,,,,,,,,,,,0,0,0,0,0,0, Ok , Ok , Ok ,  606 
,,,,,,,,,,,,0,,,,,,,,,,,,,,,0,0,0,0,0,0, Ok , Ok , Ok ,  607 
,,,,,,,,,,,,0,,,,,,,,,,,,,,,0,0,0,0,0,0, Ok , Ok , Ok ,  608 
,,,,,,,,,,,,0,,,,,,,,,,,,,,,0,0,0,0,0,0, Ok , Ok , Ok ,  609 
,,,,,,,,,,,,0,,,,,,,,,,,,,,,0,0,0,0,0,0, Ok , Ok , Ok ,  610 
,,,,,,,,,,,,0,,,,,,,,,,,,,,,0,0,0,0,0,0, Ok , Ok , Ok ,  611 
,,,,,,,,,,,,0,,,,,,,,,,,,,,,0,0,0,0,0,0, Ok , Ok , Ok ,  612 
,,,,,,,,,,,,0,,,,,,,,,,,,,,,0,0,0,0,0,0, Ok , Ok , Ok ,  613 
,,,,,,,,,,,,0,,,,,,,,,,,,,,,0,0,0,0,0,0, Ok , Ok , Ok ,  614 
,,,,,,,,,,,,0,,,,,,,,,,,,,,,0,0,0,0,0,0, Ok , Ok , Ok ,  615 
,,,,,,,,,,,,0,,,,,,,,,,,,,,,0,0,0,0,0,0, Ok , Ok , Ok ,  616 
,,,,,,,,,,,,0,,,,,,,,,,,,,,,0,0,0,0,0,0, Ok , Ok , Ok ,  617 
,,,,,,,,,,,,0,,,,,,,,,,,,,,,0,0,0,0,0,0, Ok , Ok , Ok ,  618 
,,,,,,,,,,,,0,,,,,,,,,,,,,,,0,0,0,0,0,0, Ok , Ok , Ok ,  619 
,,,,,,,,,,,,0,,,,,,,,,,,,,,,0,0,0,0,0,0, Ok , Ok , Ok ,  620 
,,,,,,,,,,,,0,,,,,,,,,,,,,,,0,0,0,0,0,0, Ok , Ok , Ok ,  621 
,,,,,,,,,,,,0,,,,,,,,,,,,,,,0,0,0,0,0,0, Ok , Ok , Ok ,  622 
,,,,,,,,,,,,0,,,,,,,,,,,,,,,0,0,0,0,0,0, Ok , Ok , Ok ,  623 
,,,,,,,,,,,,0,,,,,,,,,,,,,,,0,0,0,0,0,0, Ok , Ok , Ok ,  624 
,,,,,,,,,,,,0,,,,,,,,,,,,,,,0,0,0,0,0,0, Ok , Ok , Ok ,  625 
,,,,,,,,,,,,0,,,,,,,,,,,,,,,0,0,0,0,0,0, Ok , Ok , Ok ,  626 
,,,,,,,,,,,,0,,,,,,,,,,,,,,,0,0,0,0,0,0, Ok , Ok , Ok ,  627 
,,,,,,,,,,,,0,,,,,,,,,,,,,,,0,0,0,0,0,0, Ok , Ok , Ok ,  628 
,,,,,,,,,,,,0,,,,,,,,,,,,,,,0,0,0,0,0,0, Ok , Ok , Ok ,  629 
,,,,,,,,,,,,0,,,,,,,,,,,,,,,0,0,0,0,0,0, Ok , Ok , Ok ,  630 
,,,,,,,,,,,,0,,,,,,,,,,,,,,,0,0,0,0,0,0, Ok , Ok , Ok ,  631 
,,,,,,,,,,,,0,,,,,,,,,,,,,,,0,0,0,0,0,0, Ok , Ok , Ok ,  632 
,,,,,,,,,,,,0,,,,,,,,,,,,,,,0,0,0,0,0,0, Ok , Ok , Ok ,  633 
,,,,,,,,,,,,0,,,,,,,,,,,,,,,0,0,0,0,0,0, Ok , Ok , Ok ,  634 
,,,,,,,,,,,,0,,,,,,,,,,,,,,,0,0,0,0,0,0, Ok , Ok , Ok ,  635 
,,,,,,,,,,,,0,,,,,,,,,,,,,,,0,0,0,0,0,0, Ok , Ok , Ok ,  636 
,,,,,,,,,,,,0,,,,,,,,,,,,,,,0,0,0,0,0,0, Ok , Ok , Ok ,  637 
,,,,,,,,,,,,0,,,,,,,,,,,,,,,0,0,0,0,0,0, Ok , Ok , Ok ,  638 
,,,,,,,,,,,,0,,,,,,,,,,,,,,,0,0,0,0,0,0, Ok , Ok , Ok ,  639 
,,,,,,,,,,,,0,,,,,,,,,,,,,,,0,0,0,0,0,0, Ok , Ok , Ok ,  640 
,,,,,,,,,,,,0,,,,,,,,,,,,,,,0,0,0,0,0,0, Ok , Ok , Ok ,  641 
,,,,,,,,,,,,0,,,,,,,,,,,,,,,0,0,0,0,0,0, Ok , Ok , Ok ,  642 
,,,,,,,,,,,,0,,,,,,,,,,,,,,,0,0,0,0,0,0, Ok , Ok , Ok ,  643 
,,,,,,,,,,,,0,,,,,,,,,,,,,,,0,0,0,0,0,0, Ok , Ok , Ok ,  644 
,,,,,,,,,,,,0,,,,,,,,,,,,,,,0,0,0,0,0,0, Ok , Ok , Ok ,  645 
,,,,,,,,,,,,0,,,,,,,,,,,,,,,0,0,0,0,0,0, Ok , Ok , Ok ,  646 
,,,,,,,,,,,,0,,,,,,,,,,,,,,,0,0,0,0,0,0, Ok , Ok , Ok ,  647 
,,,,,,,,,,,,0,,,,,,,,,,,,,,,0,0,0,0,0,0, Ok , Ok , Ok ,  648 
,,,,,,,,,,,,0,,,,,,,,,,,,,,,0,0,0,0,0,0, Ok , Ok , Ok ,  649 
,,,,,,,,,,,,0,,,,,,,,,,,,,,,0,0,0,0,0,0, Ok , Ok , Ok ,  650 
,,,,,,,,,,,,0,,,,,,,,,,,,,,,0,0,0,0,0,0, Ok , Ok , Ok ,  651 
,,,,,,,,,,,,0,,,,,,,,,,,,,,,0,0,0,0,0,0, Ok , Ok , Ok ,  652 
,,,,,,,,,,,,0,,,,,,,,,,,,,,,0,0,0,0,0,0, Ok , Ok , Ok ,  653 
,,,,,,,,,,,,0,,,,,,,,,,,,,,,0,0,0,0,0,0, Ok , Ok , Ok ,  654 
,,,,,,,,,,,,0,,,,,,,,,,,,,,,0,0,0,0,0,0, Ok , Ok , Ok ,  655 
,,,,,,,,,,,,0,,,,,,,,,,,,,,,0,0,0,0,0,0, Ok , Ok , Ok ,  656 
,,,,,,,,,,,,0,,,,,,,,,,,,,,,0,0,0,0,0,0, Ok , Ok , Ok ,  657 
,,,,,,,,,,,,0,,,,,,,,,,,,,,,0,0,0,0,0,0, Ok , Ok , Ok ,  658 
,,,,,,,,,,,,0,,,,,,,,,,,,,,,0,0,0,0,0,0, Ok , Ok , Ok ,  659 
,,,,,,,,,,,,0,,,,,,,,,,,,,,,0,0,0,0,0,0, Ok , Ok , Ok ,  660 
,,,,,,,,,,,,0,,,,,,,,,,,,,,,0,0,0,0,0,0, Ok , Ok , Ok ,  661 
,,,,,,,,,,,,0,,,,,,,,,,,,,,,0,0,0,0,0,0, Ok , Ok , Ok ,  662 
,,,,,,,,,,,,0,,,,,,,,,,,,,,,0,0,0,0,0,0, Ok , Ok , Ok ,  663 
,,,,,,,,,,,,0,,,,,,,,,,,,,,,0,0,0,0,0,0, Ok , Ok , Ok ,  664 
,,,,,,,,,,,,0,,,,,,,,,,,,,,,0,0,0,0,0,0, Ok , Ok , Ok ,  665 
,,,,,,,,,,,,0,,,,,,,,,,,,,,,0,0,0,0,0,0, Ok , Ok , Ok ,  666 
,,,,,,,,,,,,0,,,,,,,,,,,,,,,0,0,0,0,0,0, Ok , Ok , Ok ,  667 
,,,,,,,,,,,,0,,,,,,,,,,,,,,,0,0,0,0,0,0, Ok , Ok , Ok ,  668 
,,,,,,,,,,,,0,,,,,,,,,,,,,,,0,0,0,0,0,0, Ok , Ok , Ok ,  669 
,,,,,,,,,,,,0,,,,,,,,,,,,,,,0,0,0,0,0,0, Ok , Ok , Ok ,  670 
,,,,,,,,,,,,0,,,,,,,,,,,,,,,0,0,0,0,0,0, Ok , Ok , Ok ,  671 
,,,,,,,,,,,,0,,,,,,,,,,,,,,,0,0,0,0,0,0, Ok , Ok , Ok ,  672 
,,,,,,,,,,,,0,,,,,,,,,,,,,,,0,0,0,0,0,0, Ok , Ok , Ok ,  673 
,,,,,,,,,,,,0,,,,,,,,,,,,,,,0,0,0,0,0,0, Ok , Ok , Ok ,  674 
,,,,,,,,,,,,0,,,,,,,,,,,,,,,0,0,0,0,0,0, Ok , Ok , Ok ,  675 
,,,,,,,,,,,,0,,,,,,,,,,,,,,,0,0,0,0,0,0, Ok , Ok , Ok ,  676 
,,,,,,,,,,,,0,,,,,,,,,,,,,,,0,0,0,0,0,0, Ok , Ok , Ok ,  677 
,,,,,,,,,,,,0,,,,,,,,,,,,,,,0,0,0,0,0,0, Ok , Ok , Ok ,  678 
,,,,,,,,,,,,0,,,,,,,,,,,,,,,0,0,0,0,0,0, Ok , Ok , Ok ,  679 
,,,,,,,,,,,,0,,,,,,,,,,,,,,,0,0,0,0,0,0, Ok , Ok , Ok ,  680 
,,,,,,,,,,,,0,,,,,,,,,,,,,,,0,0,0,0,0,0, Ok , Ok , Ok ,  681 
,,,,,,,,,,,,0,,,,,,,,,,,,,,,0,0,0,0,0,0, Ok , Ok , Ok ,  682 
,,,,,,,,,,,,0,,,,,,,,,,,,,,,0,0,0,0,0,0, Ok , Ok , Ok ,  683 
,,,,,,,,,,,,0,,,,,,,,,,,,,,,0,0,0,0,0,0, Ok , Ok , Ok ,  684 
,,,,,,,,,,,,0,,,,,,,,,,,,,,,0,0,0,0,0,0, Ok , Ok , Ok ,  685 
,,,,,,,,,,,,0,,,,,,,,,,,,,,,0,0,0,0,0,0, Ok , Ok , Ok ,  686 
,,,,,,,,,,,,0,,,,,,,,,,,,,,,0,0,0,0,0,0, Ok , Ok , Ok ,  687 
,,,,,,,,,,,,0,,,,,,,,,,,,,,,0,0,0,0,0,0, Ok , Ok , Ok ,  688 
,,,,,,,,,,,,0,,,,,,,,,,,,,,,0,0,0,0,0,0, Ok , Ok , Ok ,  689 
,,,,,,,,,,,,0,,,,,,,,,,,,,,,0,0,0,0,0,0, Ok , Ok , Ok ,  690 
,,,,,,,,,,,,0,,,,,,,,,,,,,,,0,0,0,0,0,0, Ok , Ok , Ok ,  691 
,,,,,,,,,,,,0,,,,,,,,,,,,,,,0,0,0,0,0,0, Ok , Ok , Ok ,  692 
,,,,,,,,,,,,0,,,,,,,,,,,,,,,0,0,0,0,0,0, Ok , Ok , Ok ,  693 
,,,,,,,,,,,,0,,,,,,,,,,,,,,,0,0,0,0,0,0, Ok , Ok , Ok ,  694 
,,,,,,,,,,,,0,,,,,,,,,,,,,,,0,0,0,0,0,0, Ok , Ok , Ok ,  695 
,,,,,,,,,,,,0,,,,,,,,,,,,,,,0,0,0,0,0,0, Ok , Ok , Ok ,  696 
,,,,,,,,,,,,0,,,,,,,,,,,,,,,0,0,0,0,0,0, Ok , Ok , Ok ,  697 
,,,,,,,,,,,,0,,,,,,,,,,,,,,,0,0,0,0,0,0, Ok , Ok , Ok ,  698 
,,,,,,,,,,,,0,,,,,,,,,,,,,,,0,0,0,0,0,0, Ok , Ok , Ok ,  699 
,,,,,,,,,,,,0,,,,,,,,,,,,,,,0,0,0,0,0,0, Ok , Ok , Ok ,  700 
,,,,,,,,,,,,0,,,,,,,,,,,,,,,0,0,0,0,0,0, Ok , Ok , Ok ,  701 
,,,,,,,,,,,,0,,,,,,,,,,,,,,,0,0,0,0,0,0, Ok , Ok , Ok ,  702 
,,,,,,,,,,,,0,,,,,,,,,,,,,,,0,0,0,0,0,0, Ok , Ok , Ok ,  703 
,,,,,,,,,,,,0,,,,,,,,,,,,,,,0,0,0,0,0,0, Ok , Ok , Ok ,  704 
,,,,,,,,,,,,0,,,,,,,,,,,,,,,0,0,0,0,0,0, Ok , Ok , Ok ,  705 
,,,,,,,,,,,,0,,,,,,,,,,,,,,,0,0,0,0,0,0, Ok , Ok , Ok ,  706 
,,,,,,,,,,,,0,,,,,,,,,,,,,,,0,0,0,0,0,0, Ok , Ok , Ok ,  707 
,,,,,,,,,,,,0,,,,,,,,,,,,,,,0,0,0,0,0,0, Ok , Ok , Ok ,  708 
,,,,,,,,,,,,0,,,,,,,,,,,,,,,0,0,0,0,0,0, Ok , Ok , Ok ,  709 
,,,,,,,,,,,,0,,,,,,,,,,,,,,,0,0,0,0,0,0, Ok , Ok , Ok ,  710 
,,,,,,,,,,,,0,,,,,,,,,,,,,,,0,0,0,0,0,0, Ok , Ok , Ok ,  711 
,,,,,,,,,,,,0,,,,,,,,,,,,,,,0,0,0,0,0,0, Ok , Ok , Ok ,  712 
,,,,,,,,,,,,0,,,,,,,,,,,,,,,0,0,0,0,0,0, Ok , Ok , Ok ,  713 
,,,,,,,,,,,,0,,,,,,,,,,,,,,,0,0,0,0,0,0, Ok , Ok , Ok ,  714 
,,,,,,,,,,,,0,,,,,,,,,,,,,,,0,0,0,0,0,0, Ok , Ok , Ok ,  715 
,,,,,,,,,,,,0,,,,,,,,,,,,,,,0,0,0,0,0,0, Ok , Ok , Ok ,  716 
,,,,,,,,,,,,0,,,,,,,,,,,,,,,0,0,0,0,0,0, Ok , Ok , Ok ,  717 
,,,,,,,,,,,,0,,,,,,,,,,,,,,,0,0,0,0,0,0, Ok , Ok , Ok ,  718 
,,,,,,,,,,,,0,,,,,,,,,,,,,,,0,0,0,0,0,0, Ok , Ok , Ok ,  719 
,,,,,,,,,,,,0,,,,,,,,,,,,,,,0,0,0,0,0,0, Ok , Ok , Ok ,  720 
,,,,,,,,,,,,0,,,,,,,,,,,,,,,0,0,0,0,0,0, Ok , Ok , Ok ,  721 
,,,,,,,,,,,,0,,,,,,,,,,,,,,,0,0,0,0,0,0, Ok , Ok , Ok ,  722 
,,,,,,,,,,,,0,,,,,,,,,,,,,,,0,0,0,0,0,0, Ok , Ok , Ok ,  723 
,,,,,,,,,,,,0,,,,,,,,,,,,,,,0,0,0,0,0,0, Ok , Ok , Ok ,  724 
,,,,,,,,,,,,0,,,,,,,,,,,,,,,0,0,0,0,0,0, Ok , Ok , Ok ,  725 
,,,,,,,,,,,,0,,,,,,,,,,,,,,,0,0,0,0,0,0, Ok , Ok , Ok ,  726 
,,,,,,,,,,,,0,,,,,,,,,,,,,,,0,0,0,0,0,0, Ok , Ok , Ok ,  727 
,,,,,,,,,,,,0,,,,,,,,,,,,,,,0,0,0,0,0,0, Ok , Ok , Ok ,  728 
,,,,,,,,,,,,0,,,,,,,,,,,,,,,0,0,0,0,0,0, Ok , Ok , Ok ,  729 
,,,,,,,,,,,,0,,,,,,,,,,,,,,,0,0,0,0,0,0, Ok , Ok , Ok ,  730 
,,,,,,,,,,,,0,,,,,,,,,,,,,,,0,0,0,0,0,0, Ok , Ok , Ok ,  731 
,,,,,,,,,,,,0,,,,,,,,,,,,,,,0,0,0,0,0,0, Ok , Ok , Ok ,  732 
,,,,,,,,,,,,0,,,,,,,,,,,,,,,0,0,0,0,0,0, Ok , Ok , Ok ,  733 
,,,,,,,,,,,,0,,,,,,,,,,,,,,,0,0,0,0,0,0, Ok , Ok , Ok ,  734 
,,,,,,,,,,,,0,,,,,,,,,,,,,,,0,0,0,0,0,0, Ok , Ok , Ok ,  735 
,,,,,,,,,,,,0,,,,,,,,,,,,,,,0,0,0,0,0,0, Ok , Ok , Ok ,  736 
,,,,,,,,,,,,0,,,,,,,,,,,,,,,0,0,0,0,0,0, Ok , Ok , Ok ,  737 
,,,,,,,,,,,,0,,,,,,,,,,,,,,,0,0,0,0,0,0, Ok , Ok , Ok ,  738 
,,,,,,,,,,,,0,,,,,,,,,,,,,,,0,0,0,0,0,0, Ok , Ok , Ok ,  739 
,,,,,,,,,,,,0,,,,,,,,,,,,,,,0,0,0,0,0,0, Ok , Ok , Ok ,  740 
,,,,,,,,,,,,0,,,,,,,,,,,,,,,0,0,0,0,0,0, Ok , Ok , Ok ,  741 
,,,,,,,,,,,,0,,,,,,,,,,,,,,,0,0,0,0,0,0, Ok , Ok , Ok ,  742 
,,,,,,,,,,,,0,,,,,,,,,,,,,,,0,0,0,0,0,0, Ok , Ok , Ok ,  743 
,,,,,,,,,,,,0,,,,,,,,,,,,,,,0,0,0,0,0,0, Ok , Ok , Ok ,  744 
,,,,,,,,,,,,0,,,,,,,,,,,,,,,0,0,0,0,0,0, Ok , Ok , Ok ,  745 
,,,,,,,,,,,,0,,,,,,,,,,,,,,,0,0,0,0,0,0, Ok , Ok , Ok ,  746 
,,,,,,,,,,,,0,,,,,,,,,,,,,,,0,0,0,0,0,0, Ok , Ok , Ok ,  747 
,,,,,,,,,,,,0,,,,,,,,,,,,,,,0,0,0,0,0,0, Ok , Ok , Ok ,  748 
,,,,,,,,,,,,0,,,,,,,,,,,,,,,0,0,0,0,0,0, Ok , Ok , Ok ,  749 
,,,,,,,,,,,,0,,,,,,,,,,,,,,,0,0,0,0,0,0, Ok , Ok , Ok ,  750 
,,,,,,,,,,,,0,,,,,,,,,,,,,,,0,0,0,0,0,0, Ok , Ok , Ok ,  751 
,,,,,,,,,,,,0,,,,,,,,,,,,,,,0,0,0,0,0,0, Ok , Ok , Ok ,  752 
,,,,,,,,,,,,0,,,,,,,,,,,,,,,0,0,0,0,0,0, Ok , Ok , Ok ,  753 
,,,,,,,,,,,,0,,,,,,,,,,,,,,,0,0,0,0,0,0, Ok , Ok , Ok ,  754 
,,,,,,,,,,,,0,,,,,,,,,,,,,,,0,0,0,0,0,0, Ok , Ok , Ok ,  755 
,,,,,,,,,,,,0,,,,,,,,,,,,,,,0,0,0,0,0,0, Ok , Ok , Ok ,  756 
,,,,,,,,,,,,0,,,,,,,,,,,,,,,0,0,0,0,0,0, Ok , Ok , Ok ,  757 
,,,,,,,,,,,,0,,,,,,,,,,,,,,,0,0,0,0,0,0, Ok , Ok , Ok ,  758 
,,,,,,,,,,,,0,,,,,,,,,,,,,,,0,0,0,0,0,0, Ok , Ok , Ok ,  759 
,,,,,,,,,,,,0,,,,,,,,,,,,,,,0,0,0,0,0,0, Ok , Ok , Ok ,  760 
,,,,,,,,,,,,0,,,,,,,,,,,,,,,0,0,0,0,0,0, Ok , Ok , Ok ,  761 
,,,,,,,,,,,,0,,,,,,,,,,,,,,,0,0,0,0,0,0, Ok , Ok , Ok ,  762 
,,,,,,,,,,,,0,,,,,,,,,,,,,,,0,0,0,0,0,0, Ok , Ok , Ok ,  763 
,,,,,,,,,,,,0,,,,,,,,,,,,,,,0,0,0,0,0,0, Ok , Ok , Ok ,  764 
,,,,,,,,,,,,0,,,,,,,,,,,,,,,0,0,0,0,0,0, Ok , Ok , Ok ,  765 
,,,,,,,,,,,,0,,,,,,,,,,,,,,,0,0,0,0,0,0, Ok , Ok , Ok ,  766 
,,,,,,,,,,,,0,,,,,,,,,,,,,,,0,0,0,0,0,0, Ok , Ok , Ok ,  767 
,,,,,,,,,,,,0,,,,,,,,,,,,,,,0,0,0,0,0,0, Ok , Ok , Ok ,  768 
,,,,,,,,,,,,0,,,,,,,,,,,,,,,0,0,0,0,0,0, Ok , Ok , Ok ,  769 
,,,,,,,,,,,,0,,,,,,,,,,,,,,,0,0,0,0,0,0, Ok , Ok , Ok ,  770 
,,,,,,,,,,,,0,,,,,,,,,,,,,,,0,0,0,0,0,0, Ok , Ok , Ok ,  771 
,,,,,,,,,,,,0,,,,,,,,,,,,,,,0,0,0,0,0,0, Ok , Ok , Ok ,  772 
,,,,,,,,,,,,0,,,,,,,,,,,,,,,0,0,0,0,0,0, Ok , Ok , Ok ,  773 
,,,,,,,,,,,,0,,,,,,,,,,,,,,,0,0,0,0,0,0, Ok , Ok , Ok ,  774 
,,,,,,,,,,,,0,,,,,,,,,,,,,,,0,0,0,0,0,0, Ok , Ok , Ok ,  775 
,,,,,,,,,,,,0,,,,,,,,,,,,,,,0,0,0,0,0,0, Ok , Ok , Ok ,  776 
,,,,,,,,,,,,0,,,,,,,,,,,,,,,0,0,0,0,0,0, Ok , Ok , Ok ,  777 
,,,,,,,,,,,,0,,,,,,,,,,,,,,,0,0,0,0,0,0, Ok , Ok , Ok ,  778 
,,,,,,,,,,,,0,,,,,,,,,,,,,,,0,0,0,0,0,0, Ok , Ok , Ok ,  779 
,,,,,,,,,,,,0,,,,,,,,,,,,,,,0,0,0,0,0,0, Ok , Ok , Ok ,  780 
,,,,,,,,,,,,0,,,,,,,,,,,,,,,0,0,0,0,0,0, Ok , Ok , Ok ,  781 
,,,,,,,,,,,,0,,,,,,,,,,,,,,,0,0,0,0,0,0, Ok , Ok , Ok ,  782 
,,,,,,,,,,,,0,,,,,,,,,,,,,,,0,0,0,0,0,0, Ok , Ok , Ok ,  783 
,,,,,,,,,,,,0,,,,,,,,,,,,,,,0,0,0,0,0,0, Ok , Ok , Ok ,  784 
,,,,,,,,,,,,0,,,,,,,,,,,,,,,0,0,0,0,0,0, Ok , Ok , Ok ,  785 
,,,,,,,,,,,,0,,,,,,,,,,,,,,,0,0,0,0,0,0, Ok , Ok , Ok ,  786 
,,,,,,,,,,,,0,,,,,,,,,,,,,,,0,0,0,0,0,0, Ok , Ok , Ok ,  787 
,,,,,,,,,,,,0,,,,,,,,,,,,,,,0,0,0,0,0,0, Ok , Ok , Ok ,  788 
,,,,,,,,,,,,0,,,,,,,,,,,,,,,0,0,0,0,0,0, Ok , Ok , Ok ,  789 
,,,,,,,,,,,,0,,,,,,,,,,,,,,,0,0,0,0,0,0, Ok , Ok , Ok ,  790 
,,,,,,,,,,,,0,,,,,,,,,,,,,,,0,0,0,0,0,0, Ok , Ok , Ok ,  791 
,,,,,,,,,,,,0,,,,,,,,,,,,,,,0,0,0,0,0,0, Ok , Ok , Ok ,  792 
,,,,,,,,,,,,0,,,,,,,,,,,,,,,0,0,0,0,0,0, Ok , Ok , Ok ,  793 
,,,,,,,,,,,,0,,,,,,,,,,,,,,,0,0,0,0,0,0, Ok , Ok , Ok ,  794 
,,,,,,,,,,,,0,,,,,,,,,,,,,,,0,0,0,0,0,0, Ok , Ok , Ok ,  795 
,,,,,,,,,,,,0,,,,,,,,,,,,,,,0,0,0,0,0,0, Ok , Ok , Ok ,  796 
,,,,,,,,,,,,0,,,,,,,,,,,,,,,0,0,0,0,0,0, Ok , Ok , Ok ,  797 
,,,,,,,,,,,,0,,,,,,,,,,,,,,,0,0,0,0,0,0, Ok , Ok , Ok ,  798 
,,,,,,,,,,,,0,,,,,,,,,,,,,,,0,0,0,0,0,0, Ok , Ok , Ok ,  799 
,,,,,,,,,,,,0,,,,,,,,,,,,,,,0,0,0,0,0,0, Ok , Ok , Ok ,  800 
,,,,,,,,,,,,0,,,,,,,,,,,,,,,0,0,0,0,0,0, Ok , Ok , Ok ,  801 
,,,,,,,,,,,,0,,,,,,,,,,,,,,,0,0,0,0,0,0, Ok , Ok , Ok ,  802 
,,,,,,,,,,,,0,,,,,,,,,,,,,,,0,0,0,0,0,0, Ok , Ok , Ok ,  803 
,,,,,,,,,,,,0,,,,,,,,,,,,,,,0,0,0,0,0,0, Ok , Ok , Ok ,  804 
,,,,,,,,,,,,0,,,,,,,,,,,,,,,0,0,0,0,0,0, Ok , Ok , Ok ,  805 
,,,,,,,,,,,,0,,,,,,,,,,,,,,,0,0,0,0,0,0, Ok , Ok , Ok ,  806 
,,,,,,,,,,,,0,,,,,,,,,,,,,,,0,0,0,0,0,0, Ok , Ok , Ok ,  807 
,,,,,,,,,,,,0,,,,,,,,,,,,,,,0,0,0,0,0,0, Ok , Ok , Ok ,  808 
,,,,,,,,,,,,0,,,,,,,,,,,,,,,0,0,0,0,0,0, Ok , Ok , Ok ,  809 
,,,,,,,,,,,,0,,,,,,,,,,,,,,,0,0,0,0,0,0, Ok , Ok , Ok ,  810 
,,,,,,,,,,,,0,,,,,,,,,,,,,,,0,0,0,0,0,0, Ok , Ok , Ok ,  811 
,,,,,,,,,,,,0,,,,,,,,,,,,,,,0,0,0,0,0,0, Ok , Ok , Ok ,  812 
,,,,,,,,,,,,0,,,,,,,,,,,,,,,0,0,0,0,0,0, Ok , Ok , Ok ,  813 
,,,,,,,,,,,,0,,,,,,,,,,,,,,,0,0,0,0,0,0, Ok , Ok , Ok ,  814 
,,,,,,,,,,,,0,,,,,,,,,,,,,,,0,0,0,0,0,0, Ok , Ok , Ok ,  815 
,,,,,,,,,,,,0,,,,,,,,,,,,,,,0,0,0,0,0,0, Ok , Ok , Ok ,  816 
,,,,,,,,,,,,0,,,,,,,,,,,,,,,0,0,0,0,0,0, Ok , Ok , Ok ,  817 
,,,,,,,,,,,,0,,,,,,,,,,,,,,,0,0,0,0,0,0, Ok , Ok , Ok ,  818 
,,,,,,,,,,,,0,,,,,,,,,,,,,,,0,0,0,0,0,0, Ok , Ok , Ok ,  819 
,,,,,,,,,,,,0,,,,,,,,,,,,,,,0,0,0,0,0,0, Ok , Ok , Ok ,  820 
,,,,,,,,,,,,0,,,,,,,,,,,,,,,0,0,0,0,0,0, Ok , Ok , Ok ,  821 
,,,,,,,,,,,,0,,,,,,,,,,,,,,,0,0,0,0,0,0, Ok , Ok , Ok ,  822 
,,,,,,,,,,,,0,,,,,,,,,,,,,,,0,0,0,0,0,0, Ok , Ok , Ok ,  823 
,,,,,,,,,,,,0,,,,,,,,,,,,,,,0,0,0,0,0,0, Ok , Ok , Ok ,  824 
,,,,,,,,,,,,0,,,,,,,,,,,,,,,0,0,0,0,0,0, Ok , Ok , Ok ,  825 
,,,,,,,,,,,,0,,,,,,,,,,,,,,,0,0,0,0,0,0, Ok , Ok , Ok ,  826 
,,,,,,,,,,,,0,,,,,,,,,,,,,,,0,0,0,0,0,0, Ok , Ok , Ok ,  827 
,,,,,,,,,,,,0,,,,,,,,,,,,,,,0,0,0,0,0,0, Ok , Ok , Ok ,  828 
,,,,,,,,,,,,0,,,,,,,,,,,,,,,0,0,0,0,0,0, Ok , Ok , Ok ,  829 
,,,,,,,,,,,,0,,,,,,,,,,,,,,,0,0,0,0,0,0, Ok , Ok , Ok ,  830 
,,,,,,,,,,,,0,,,,,,,,,,,,,,,0,0,0,0,0,0, Ok , Ok , Ok ,  831 
,,,,,,,,,,,,0,,,,,,,,,,,,,,,0,0,0,0,0,0, Ok , Ok , Ok ,  832 
,,,,,,,,,,,,0,,,,,,,,,,,,,,,0,0,0,0,0,0, Ok , Ok , Ok ,  833 
,,,,,,,,,,,,0,,,,,,,,,,,,,,,0,0,0,0,0,0, Ok , Ok , Ok ,  834 
,,,,,,,,,,,,0,,,,,,,,,,,,,,,0,0,0,0,0,0, Ok , Ok , Ok ,  835 
,,,,,,,,,,,,0,,,,,,,,,,,,,,,0,0,0,0,0,0, Ok , Ok , Ok ,  836 
,,,,,,,,,,,,0,,,,,,,,,,,,,,,0,0,0,0,0,0, Ok , Ok , Ok ,  837 
,,,,,,,,,,,,0,,,,,,,,,,,,,,,0,0,0,0,0,0, Ok , Ok , Ok ,  838 
,,,,,,,,,,,,0,,,,,,,,,,,,,,,0,0,0,0,0,0, Ok , Ok , Ok ,  839 
,,,,,,,,,,,,0,,,,,,,,,,,,,,,0,0,0,0,0,0, Ok , Ok , Ok ,  840 
,,,,,,,,,,,,0,,,,,,,,,,,,,,,0,0,0,0,0,0, Ok , Ok , Ok ,  841 
,,,,,,,,,,,,0,,,,,,,,,,,,,,,0,0,0,0,0,0, Ok , Ok , Ok ,  842 
,,,,,,,,,,,,0,,,,,,,,,,,,,,,0,0,0,0,0,0, Ok , Ok , Ok ,  843 
,,,,,,,,,,,,0,,,,,,,,,,,,,,,0,0,0,0,0,0, Ok , Ok , Ok ,  844 
,,,,,,,,,,,,0,,,,,,,,,,,,,,,0,0,0,0,0,0, Ok , Ok , Ok ,  845 
,,,,,,,,,,,,0,,,,,,,,,,,,,,,0,0,0,0,0,0, Ok , Ok , Ok ,  846 
,,,,,,,,,,,,0,,,,,,,,,,,,,,,0,0,0,0,0,0, Ok , Ok , Ok ,  847 
,,,,,,,,,,,,0,,,,,,,,,,,,,,,0,0,0,0,0,0, Ok , Ok , Ok ,  848 
,,,,,,,,,,,,0,,,,,,,,,,,,,,,0,0,0,0,0,0, Ok , Ok , Ok ,  849 
,,,,,,,,,,,,0,,,,,,,,,,,,,,,0,0,0,0,0,0, Ok , Ok , Ok ,  850 
,,,,,,,,,,,,0,,,,,,,,,,,,,,,0,0,0,0,0,0, Ok , Ok , Ok ,  851 
,,,,,,,,,,,,0,,,,,,,,,,,,,,,0,0,0,0,0,0, Ok , Ok , Ok ,  852 
,,,,,,,,,,,,0,,,,,,,,,,,,,,,0,0,0,0,0,0, Ok , Ok , Ok ,  853 
,,,,,,,,,,,,0,,,,,,,,,,,,,,,0,0,0,0,0,0, Ok , Ok , Ok ,  854 
,,,,,,,,,,,,0,,,,,,,,,,,,,,,0,0,0,0,0,0, Ok , Ok , Ok ,  855 
,,,,,,,,,,,,0,,,,,,,,,,,,,,,0,0,0,0,0,0, Ok , Ok , Ok ,  856 
,,,,,,,,,,,,0,,,,,,,,,,,,,,,0,0,0,0,0,0, Ok , Ok , Ok ,  857 
,,,,,,,,,,,,0,,,,,,,,,,,,,,,0,0,0,0,0,0, Ok , Ok , Ok ,  858 
,,,,,,,,,,,,0,,,,,,,,,,,,,,,0,0,0,0,0,0, Ok , Ok , Ok ,  859 
,,,,,,,,,,,,0,,,,,,,,,,,,,,,0,0,0,0,0,0, Ok , Ok , Ok ,  860 
,,,,,,,,,,,,0,,,,,,,,,,,,,,,0,0,0,0,0,0, Ok , Ok , Ok ,  861 
,,,,,,,,,,,,0,,,,,,,,,,,,,,,0,0,0,0,0,0, Ok , Ok , Ok ,  862 
,,,,,,,,,,,,0,,,,,,,,,,,,,,,0,0,0,0,0,0, Ok , Ok , Ok ,  863 
,,,,,,,,,,,,0,,,,,,,,,,,,,,,0,0,0,0,0,0, Ok , Ok , Ok ,  864 
,,,,,,,,,,,,0,,,,,,,,,,,,,,,0,0,0,0,0,0, Ok , Ok , Ok ,  865 
,,,,,,,,,,,,0,,,,,,,,,,,,,,,0,0,0,0,0,0, Ok , Ok , Ok ,  866 
,,,,,,,,,,,,0,,,,,,,,,,,,,,,0,0,0,0,0,0, Ok , Ok , Ok ,  867 
,,,,,,,,,,,,0,,,,,,,,,,,,,,,0,0,0,0,0,0, Ok , Ok , Ok ,  868 
,,,,,,,,,,,,0,,,,,,,,,,,,,,,0,0,0,0,0,0, Ok , Ok , Ok ,  869 
,,,,,,,,,,,,0,,,,,,,,,,,,,,,0,0,0,0,0,0, Ok , Ok , Ok ,  870 
,,,,,,,,,,,,0,,,,,,,,,,,,,,,0,0,0,0,0,0, Ok , Ok , Ok ,  871 
,,,,,,,,,,,,0,,,,,,,,,,,,,,,0,0,0,0,0,0, Ok , Ok , Ok ,  872 
,,,,,,,,,,,,0,,,,,,,,,,,,,,,0,0,0,0,0,0, Ok , Ok , Ok ,  873 
,,,,,,,,,,,,0,,,,,,,,,,,,,,,0,0,0,0,0,0, Ok , Ok , Ok ,  874 
,,,,,,,,,,,,0,,,,,,,,,,,,,,,0,0,0,0,0,0, Ok , Ok , Ok ,  875 
,,,,,,,,,,,,0,,,,,,,,,,,,,,,0,0,0,0,0,0, Ok , Ok , Ok ,  876 
,,,,,,,,,,,,0,,,,,,,,,,,,,,,0,0,0,0,0,0, Ok , Ok , Ok ,  877 
,,,,,,,,,,,,0,,,,,,,,,,,,,,,0,0,0,0,0,0, Ok , Ok , Ok ,  878 
,,,,,,,,,,,,0,,,,,,,,,,,,,,,0,0,0,0,0,0, Ok , Ok , Ok ,  879 
,,,,,,,,,,,,0,,,,,,,,,,,,,,,0,0,0,0,0,0, Ok , Ok , Ok ,  880 
,,,,,,,,,,,,0,,,,,,,,,,,,,,,0,0,0,0,0,0, Ok , Ok , Ok ,  881 
,,,,,,,,,,,,0,,,,,,,,,,,,,,,0,0,0,0,0,0, Ok , Ok , Ok ,  882 
,,,,,,,,,,,,0,,,,,,,,,,,,,,,0,0,0,0,0,0, Ok , Ok , Ok ,  883 
,,,,,,,,,,,,0,,,,,,,,,,,,,,,0,0,0,0,0,0, Ok , Ok , Ok ,  884 
,,,,,,,,,,,,0,,,,,,,,,,,,,,,0,0,0,0,0,0, Ok , Ok , Ok ,  885 
,,,,,,,,,,,,0,,,,,,,,,,,,,,,0,0,0,0,0,0, Ok , Ok , Ok ,  886 
,,,,,,,,,,,,0,,,,,,,,,,,,,,,0,0,0,0,0,0, Ok , Ok , Ok ,  887 
,,,,,,,,,,,,0,,,,,,,,,,,,,,,0,0,0,0,0,0, Ok , Ok , Ok ,  888 
,,,,,,,,,,,,0,,,,,,,,,,,,,,,0,0,0,0,0,0, Ok , Ok , Ok ,  889 
,,,,,,,,,,,,0,,,,,,,,,,,,,,,0,0,0,0,0,0, Ok , Ok , Ok ,  890 
,,,,,,,,,,,,0,,,,,,,,,,,,,,,0,0,0,0,0,0, Ok , Ok , Ok ,  891 
,,,,,,,,,,,,0,,,,,,,,,,,,,,,0,0,0,0,0,0, Ok , Ok , Ok ,  892 
,,,,,,,,,,,,0,,,,,,,,,,,,,,,0,0,0,0,0,0, Ok , Ok , Ok ,  893 
,,,,,,,,,,,,0,,,,,,,,,,,,,,,0,0,0,0,0,0, Ok , Ok , Ok ,  894 
,,,,,,,,,,,,0,,,,,,,,,,,,,,,0,0,0,0,0,0, Ok , Ok , Ok ,  895 
,,,,,,,,,,,,0,,,,,,,,,,,,,,,0,0,0,0,0,0, Ok , Ok , Ok ,  896 
,,,,,,,,,,,,0,,,,,,,,,,,,,,,0,0,0,0,0,0, Ok , Ok , Ok ,  897 
,,,,,,,,,,,,0,,,,,,,,,,,,,,,0,0,0,0,0,0, Ok , Ok , Ok ,  898 
,,,,,,,,,,,,0,,,,,,,,,,,,,,,0,0,0,0,0,0, Ok , Ok , Ok ,  899 
,,,,,,,,,,,,0,,,,,,,,,,,,,,,0,0,0,0,0,0, Ok , Ok , Ok ,  900 
,,,,,,,,,,,,0,,,,,,,,,,,,,,,0,0,0,0,0,0, Ok , Ok , Ok ,  901 
,,,,,,,,,,,,0,,,,,,,,,,,,,,,0,0,0,0,0,0, Ok , Ok , Ok ,  902 
,,,,,,,,,,,,0,,,,,,,,,,,,,,,0,0,0,0,0,0, Ok , Ok , Ok ,  903 
,,,,,,,,,,,,0,,,,,,,,,,,,,,,0,0,0,0,0,0, Ok , Ok , Ok ,  904 
,,,,,,,,,,,,0,,,,,,,,,,,,,,,0,0,0,0,0,0, Ok , Ok , Ok ,  905 
,,,,,,,,,,,,0,,,,,,,,,,,,,,,0,0,0,0,0,0, Ok , Ok , Ok ,  906 
,,,,,,,,,,,,0,,,,,,,,,,,,,,,0,0,0,0,0,0, Ok , Ok , Ok ,  907 
,,,,,,,,,,,,0,,,,,,,,,,,,,,,0,0,0,0,0,0, Ok , Ok , Ok ,  908 
,,,,,,,,,,,,0,,,,,,,,,,,,,,,0,0,0,0,0,0, Ok , Ok , Ok ,  909 
,,,,,,,,,,,,0,,,,,,,,,,,,,,,0,0,0,0,0,0, Ok , Ok , Ok ,  910 
,,,,,,,,,,,,0,,,,,,,,,,,,,,,0,0,0,0,0,0, Ok , Ok , Ok ,  911 
,,,,,,,,,,,,0,,,,,,,,,,,,,,,0,0,0,0,0,0, Ok , Ok , Ok ,  912 
,,,,,,,,,,,,0,,,,,,,,,,,,,,,0,0,0,0,0,0, Ok , Ok , Ok ,  913 
,,,,,,,,,,,,0,,,,,,,,,,,,,,,0,0,0,0,0,0, Ok , Ok , Ok ,  914 
,,,,,,,,,,,,0,,,,,,,,,,,,,,,0,0,0,0,0,0, Ok , Ok , Ok ,  915 
,,,,,,,,,,,,0,,,,,,,,,,,,,,,0,0,0,0,0,0, Ok , Ok , Ok ,  916 
,,,,,,,,,,,,0,,,,,,,,,,,,,,,0,0,0,0,0,0, Ok , Ok , Ok ,  917 
,,,,,,,,,,,,0,,,,,,,,,,,,,,,0,0,0,0,0,0, Ok , Ok , Ok ,  918 
,,,,,,,,,,,,0,,,,,,,,,,,,,,,0,0,0,0,0,0, Ok , Ok , Ok ,  919 
,,,,,,,,,,,,0,,,,,,,,,,,,,,,0,0,0,0,0,0, Ok , Ok , Ok ,  920 
,,,,,,,,,,,,0,,,,,,,,,,,,,,,0,0,0,0,0,0, Ok , Ok , Ok ,  921 
,,,,,,,,,,,,0,,,,,,,,,,,,,,,0,0,0,0,0,0, Ok , Ok , Ok ,  922 
,,,,,,,,,,,,0,,,,,,,,,,,,,,,0,0,0,0,0,0, Ok , Ok , Ok ,  923 
,,,,,,,,,,,,0,,,,,,,,,,,,,,,0,0,0,0,0,0, Ok , Ok , Ok ,  924 
,,,,,,,,,,,,0,,,,,,,,,,,,,,,0,0,0,0,0,0, Ok , Ok , Ok ,  925 
,,,,,,,,,,,,0,,,,,,,,,,,,,,,0,0,0,0,0,0, Ok , Ok , Ok ,  926 
,,,,,,,,,,,,0,,,,,,,,,,,,,,,0,0,0,0,0,0, Ok , Ok , Ok ,  927 
,,,,,,,,,,,,0,,,,,,,,,,,,,,,0,0,0,0,0,0, Ok , Ok , Ok ,  928 
,,,,,,,,,,,,0,,,,,,,,,,,,,,,0,0,0,0,0,0, Ok , Ok , Ok ,  929 
,,,,,,,,,,,,0,,,,,,,,,,,,,,,0,0,0,0,0,0, Ok , Ok , Ok ,  930 
,,,,,,,,,,,,0,,,,,,,,,,,,,,,0,0,0,0,0,0, Ok , Ok , Ok ,  931 
,,,,,,,,,,,,0,,,,,,,,,,,,,,,0,0,0,0,0,0, Ok , Ok , Ok ,  932 
,,,,,,,,,,,,0,,,,,,,,,,,,,,,0,0,0,0,0,0, Ok , Ok , Ok ,  933 
,,,,,,,,,,,,0,,,,,,,,,,,,,,,0,0,0,0,0,0, Ok , Ok , Ok ,  934 
,,,,,,,,,,,,0,,,,,,,,,,,,,,,0,0,0,0,0,0, Ok , Ok , Ok ,  935 
,,,,,,,,,,,,0,,,,,,,,,,,,,,,0,0,0,0,0,0, Ok , Ok , Ok ,  936 
,,,,,,,,,,,,0,,,,,,,,,,,,,,,0,0,0,0,0,0, Ok , Ok , Ok ,  937 
,,,,,,,,,,,,0,,,,,,,,,,,,,,,0,0,0,0,0,0, Ok , Ok , Ok ,  938 
,,,,,,,,,,,,0,,,,,,,,,,,,,,,0,0,0,0,0,0, Ok , Ok , Ok ,  939 
,,,,,,,,,,,,0,,,,,,,,,,,,,,,0,0,0,0,0,0, Ok , Ok , Ok ,  940 
,,,,,,,,,,,,0,,,,,,,,,,,,,,,0,0,0,0,0,0, Ok , Ok , Ok ,  941 
,,,,,,,,,,,,0,,,,,,,,,,,,,,,0,0,0,0,0,0, Ok , Ok , Ok ,  942 
,,,,,,,,,,,,0,,,,,,,,,,,,,,,0,0,0,0,0,0, Ok , Ok , Ok ,  943 
,,,,,,,,,,,,0,,,,,,,,,,,,,,,0,0,0,0,0,0, Ok , Ok , Ok ,  944 
,,,,,,,,,,,,0,,,,,,,,,,,,,,,0,0,0,0,0,0, Ok , Ok , Ok ,  945 
,,,,,,,,,,,,0,,,,,,,,,,,,,,,0,0,0,0,0,0, Ok , Ok , Ok ,  946 
,,,,,,,,,,,,0,,,,,,,,,,,,,,,0,0,0,0,0,0, Ok , Ok , Ok ,  947 
,,,,,,,,,,,,0,,,,,,,,,,,,,,,0,0,0,0,0,0, Ok , Ok , Ok ,  948 
,,,,,,,,,,,,0,,,,,,,,,,,,,,,0,0,0,0,0,0, Ok , Ok , Ok ,  949 
,,,,,,,,,,,,0,,,,,,,,,,,,,,,0,0,0,0,0,0, Ok , Ok , Ok ,  950 
,,,,,,,,,,,,0,,,,,,,,,,,,,,,0,0,0,0,0,0, Ok , Ok , Ok ,  951 
,,,,,,,,,,,,0,,,,,,,,,,,,,,,0,0,0,0,0,0, Ok , Ok , Ok ,  952 
,,,,,,,,,,,,0,,,,,,,,,,,,,,,0,0,0,0,0,0, Ok , Ok , Ok ,  953 
,,,,,,,,,,,,0,,,,,,,,,,,,,,,0,0,0,0,0,0, Ok , Ok , Ok ,  954 
,,,,,,,,,,,,0,,,,,,,,,,,,,,,0,0,0,0,0,0, Ok , Ok , Ok ,  955 
,,,,,,,,,,,,0,,,,,,,,,,,,,,,0,0,0,0,0,0, Ok , Ok , Ok ,  956 
,,,,,,,,,,,,0,,,,,,,,,,,,,,,0,0,0,0,0,0, Ok , Ok , Ok ,  957 
,,,,,,,,,,,,0,,,,,,,,,,,,,,,0,0,0,0,0,0, Ok , Ok , Ok ,  958 
,,,,,,,,,,,,0,,,,,,,,,,,,,,,0,0,0,0,0,0, Ok , Ok , Ok ,  959 
,,,,,,,,,,,,0,,,,,,,,,,,,,,,0,0,0,0,0,0, Ok , Ok , Ok ,  960 
,,,,,,,,,,,,0,,,,,,,,,,,,,,,0,0,0,0,0,0, Ok , Ok , Ok ,  961 
,,,,,,,,,,,,0,,,,,,,,,,,,,,,0,0,0,0,0,0, Ok , Ok , Ok ,  962 
,,,,,,,,,,,,0,,,,,,,,,,,,,,,0,0,0,0,0,0, Ok , Ok , Ok ,  963 
,,,,,,,,,,,,0,,,,,,,,,,,,,,,0,0,0,0,0,0, Ok , Ok , Ok ,  964 
,,,,,,,,,,,,0,,,,,,,,,,,,,,,0,0,0,0,0,0, Ok , Ok , Ok ,  965 
,,,,,,,,,,,,0,,,,,,,,,,,,,,,0,0,0,0,0,0, Ok , Ok , Ok ,  966 
,,,,,,,,,,,,0,,,,,,,,,,,,,,,0,0,0,0,0,0, Ok , Ok , Ok ,  967 
,,,,,,,,,,,,0,,,,,,,,,,,,,,,0,0,0,0,0,0, Ok , Ok , Ok ,  968 
,,,,,,,,,,,,0,,,,,,,,,,,,,,,0,0,0,0,0,0, Ok , Ok , Ok ,  969 
,,,,,,,,,,,,0,,,,,,,,,,,,,,,0,0,0,0,0,0, Ok , Ok , Ok ,  970 
,,,,,,,,,,,,0,,,,,,,,,,,,,,,0,0,0,0,0,0, Ok , Ok , Ok ,  971 
,,,,,,,,,,,,0,,,,,,,,,,,,,,,0,0,0,0,0,0, Ok , Ok , Ok ,  972 
,,,,,,,,,,,,0,,,,,,,,,,,,,,,0,0,0,0,0,0, Ok , Ok , Ok ,  973 
,,,,,,,,,,,,0,,,,,,,,,,,,,,,0,0,0,0,0,0, Ok , Ok , Ok ,  974 
,,,,,,,,,,,,0,,,,,,,,,,,,,,,0,0,0,0,0,0, Ok , Ok , Ok ,  975 
,,,,,,,,,,,,0,,,,,,,,,,,,,,,0,0,0,0,0,0, Ok , Ok , Ok ,  976 
,,,,,,,,,,,,0,,,,,,,,,,,,,,,0,0,0,0,0,0, Ok , Ok , Ok ,  977 
,,,,,,,,,,,,0,,,,,,,,,,,,,,,0,0,0,0,0,0, Ok , Ok , Ok ,  978 
,,,,,,,,,,,,0,,,,,,,,,,,,,,,0,0,0,0,0,0, Ok , Ok , Ok ,  979 
,,,,,,,,,,,,0,,,,,,,,,,,,,,,0,0,0,0,0,0, Ok , Ok , Ok ,  980 
,,,,,,,,,,,,0,,,,,,,,,,,,,,,0,0,0,0,0,0, Ok , Ok , Ok ,  981 
,,,,,,,,,,,,0,,,,,,,,,,,,,,,0,0,0,0,0,0, Ok , Ok , Ok ,  982 
,,,,,,,,,,,,0,,,,,,,,,,,,,,,0,0,0,0,0,0, Ok , Ok , Ok ,  983 
,,,,,,,,,,,,0,,,,,,,,,,,,,,,0,0,0,0,0,0, Ok , Ok , Ok ,  984 
,,,,,,,,,,,,0,,,,,,,,,,,,,,,0,0,0,0,0,0, Ok , Ok , Ok ,  985 
,,,,,,,,,,,,0,,,,,,,,,,,,,,,0,0,0,0,0,0, Ok , Ok , Ok ,  986 
,,,,,,,,,,,,0,,,,,,,,,,,,,,,0,0,0,0,0,0, Ok , Ok , Ok ,  987 
,,,,,,,,,,,,0,,,,,,,,,,,,,,,0,0,0,0,0,0, Ok , Ok , Ok ,  988 
,,,,,,,,,,,,0,,,,,,,,,,,,,,,0,0,0,0,0,0, Ok , Ok , Ok ,  989 
,,,,,,,,,,,,0,,,,,,,,,,,,,,,0,0,0,0,0,0, Ok , Ok , Ok ,  990 
,,,,,,,,,,,,0,,,,,,,,,,,,,,,0,0,0,0,0,0, Ok , Ok , Ok ,  991 
,,,,,,,,,,,,0,,,,,,,,,,,,,,,0,0,0,0,0,0, Ok , Ok , Ok ,  992 
,,,,,,,,,,,,0,,,,,,,,,,,,,,,0,0,0,0,0,0, Ok , Ok , Ok ,  993 
,,,,,,,,,,,,0,,,,,,,,,,,,,,,0,0,0,0,0,0, Ok , Ok , Ok ,  994 
,,,,,,,,,,,,0,,,,,,,,,,,,,,,0,0,0,0,0,0, Ok , Ok , Ok ,  995 
,,,,,,,,,,,,0,,,,,,,,,,,,,,,0,0,0,0,0,0, Ok , Ok , Ok ,  996 
,,,,,,,,,,,,0,,,,,,,,,,,,,,,0,0,0,0,0,0, Ok , Ok , Ok ,  997 
,,,,,,,,,,,,0,,,,,,,,,,,,,,,0,0,0,0,0,0, Ok , Ok , Ok ,  998 
,,,,,,,,,,,,0,,,,,,,,,,,,,,,0,0,0,0,0,0, Ok , Ok , Ok ,  999 
,,,,,,,,,,,,0,,,,,,,,,,,,,,,0,0,0,0,0,0, Ok , Ok , Ok ,  1 000 
,,,,,,,,,,,,0,,,,,,,,,,,,,,,0,0,0,0,0,0, Ok , Ok , Ok ,  1 001 
,,,,,,,,,,,,0,,,,,,,,,,,,,,,0,0,0,0,0,0, Ok , Ok , Ok ,  1 002 